Longitude, Latitude, Line Group (Path ID), Order of Points 
-121.82173566666668, 37.290505277777775, 1, 1 
-121.8164064761905, 37.29342476190476, 1, 2
-121.80991963636362, 37.301344, 1, 3
-121.80468235714284, 37.30691114285714, 1, 4
-121.7886484, 37.302351200000004, 1, 5
-121.77222612244896, 37.28214110204081, 1, 6
-121.83111104545455, 37.30561095454545, 1, 7
-121.8372844117647, 37.30207882352941, 1, 8
-121.8498089375, 37.299699437499996, 1, 9
-121.85624358333335, 37.31276608333334, 1, 10
-121.833551, 37.31145825, 1, 11
-121.8415931875, 37.3242465, 1, 12
-121.8439465, 37.32011058333334, 1, 13
-121.82078837499999, 37.312743687499996, 1, 14
-121.83824695652174, 37.32923939130434, 1, 15
-121.840092875, 37.3330228125, 1, 16
-121.83388933333332, 37.336090799999994, 1, 17
-121.83131166666665, 37.339974333333345, 1, 18
-121.8275640769231, 37.34366899999999, 1, 19
-121.82359847619048, 37.33198257142857, 1, 20
-121.84946608333335, 37.33348241666667, 1, 21
-121.8589779090909, 37.342258, 1, 22
-121.8531212105263, 37.34496084210527, 1, 23
-121.84498935714285, 37.349973642857144, 1, 24
-121.83911107692307, 37.345838615384615, 1, 25
-121.83422564285715, 37.355120500000005, 1, 26
-121.82713183333333, 37.3593203888889, 1, 27
-121.84720816666665, 37.355213166666665, 1, 28
-121.84674050000001, 37.361919916666665, 1, 29
-121.8413663, 37.3653341, 1, 30
-121.83531116666667, 37.368067583333335, 1, 31
-121.82837924000002, 37.37410632, 1, 32
-121.8357409310345, 37.38281472413793, 1, 33
-121.81953139215685, 37.38269166666666, 1, 34
-121.8206607826087, 37.36892508695653, 1, 35
-121.81490744827587, 37.36471027586207, 1, 36
-121.7849957962963, 37.373940805555534, 1, 37
-121.81103333333333, 37.35492241666667, 1, 38
-121.80281976470587, 37.34928394117647, 1, 39
-121.79747285714284, 37.341762214285716, 1, 40
-121.79249945454545, 37.334027818181816, 1, 41
-121.78959172727274, 37.327842727272724, 1, 42
-121.7742606190476, 37.332042809523806, 1, 43
-121.78916717647058, 37.32063576470589, 1, 44
-121.76398209803922, 37.326431196078424, 1, 45
-121.781744625, 37.3123215, 1, 46
-121.74552658490568, 37.31121554716981, 1, 47
-121.7578469, 37.29527455, 1, 48
-121.7436004, 37.28401454285714, 1, 49
-121.78720288000001, 37.3065382, 1, 50
-121.80139552631579, 37.31814168421052, 1, 51
-121.81474552631579, 37.31850768421053, 1, 52
-121.81502093333333, 37.34347006666667, 1, 53
-121.81852920000001, 37.34780299999999, 1, 54
-121.80741599999998, 37.33112199999999, 1, 55
-121.7696991136363, 37.353150954545455, 1, 56
-121.85601508333333, 37.36920491666667, 1, 57
-121.86853525, 37.372685700000005, 1, 58
-121.87199585714284, 37.386518714285714, 1, 59
-121.87793664285714, 37.383797785714286, 1, 60
-121.88783765000001, 37.3783417, 1, 61
-121.893111, 37.3942973, 1, 62
-121.9000266, 37.407963699999996, 1, 63
-121.89882746153846, 37.42116080769232, 1, 64
-121.88269923529411, 37.39936988235294, 1, 65
-121.88068999999999, 37.40977642857143, 1, 66
-121.86353112499998, 37.41729275, 1, 67
-121.85959794736839, 37.40936847368422, 1, 68
-121.85526926666665, 37.40277746666667, 1, 69
-121.87040377777777, 37.42563294444444, 1, 70
-121.84723513114754, 37.43092880327868, 1, 71
-121.87120855555557, 37.43372066666667, 1, 72
-121.881148, 37.43209227272727, 1, 73
-121.88230482352941, 37.440138352941176, 1, 74
-121.86594136923078, 37.458622230769244, 1, 75
-121.90258666666666, 37.45139900000001, 1, 76
-121.90706523076923, 37.458444923076925, 1, 77
-121.91554505555554, 37.44992966666667, 1, 78
-121.9131830625, 37.4729276875, 1, 79
-121.89675341463416, 37.48634378048781, 1, 80
-121.9277417333333, 37.50840253333333, 1, 81
-121.93139776190475, 37.52254785714287, 1, 82
-121.92925246666668, 37.53106479999999, 1, 83
-121.9437041363636, 37.53182936363637, 1, 84
-121.95088363636364, 37.54578490909091, 1, 85
-121.96133385714283, 37.53570192857143, 1, 86
-121.96811220000001, 37.542111399999996, 1, 87
-121.97268106666665, 37.53133726666667, 1, 88
-121.97688645454546, 37.54503890909091, 1, 89
-121.98566870588238, 37.55096252941176, 1, 90
-121.9786121111111, 37.540596, 1, 91
-121.98557065, 37.53914815, 1, 92
-121.9976507857143, 37.54490857142857, 1, 93
-122.0052680769231, 37.54835238461539, 1, 94
-122.00936808, 37.55459388, 1, 95
-122.0087442, 37.5372988, 1, 96
-121.99273283333332, 37.529266, 1, 97
-122.00438503333332, 37.507969333333335, 1, 98
-121.97587062500001, 37.5198764375, 1, 99
-121.96177123076924, 37.51707546153846, 1, 100
-121.9527664, 37.5189769, 1, 101
-122.01810226666666, 37.52885473333334, 1, 102
-122.02811835294118, 37.53418270588235, 1, 103
-122.034820125, 37.537253750000005, 1, 104
-122.0231505, 37.557815999999995, 1, 105
-122.03002592857145, 37.562785785714276, 1, 106
-122.04006152380956, 37.57494561904761, 1, 107
-122.03948585714285, 37.58217957142857, 1, 108
-122.04818117647058, 37.59178282352941, 1, 109
-122.05711486666668, 37.584145066666665, 1, 110
-122.068416, 37.585316999999996, 1, 111
-122.07597647058823, 37.587836352941174, 1, 112
-122.08283157142857, 37.59620552380952, 1, 113
-122.08599096153847, 37.580005115384616, 1, 114
-122.07519566666667, 37.57827483333333, 1, 115
-122.07389638888887, 37.57010038888889, 1, 116
-122.04177765517241, 37.601776413793104, 1, 117
-122.07402885000003, 37.60584545, 1, 118
-122.06050249999998, 37.61758854761905, 1, 119
-122.0615539, 37.6266376, 1, 120
-122.07577976923076, 37.624980384615384, 1, 121
-122.0809098, 37.63595813333333, 1, 122
-122.08795166666668, 37.64276641666666, 1, 123
-122.07932336363638, 37.643708545454544, 1, 124
-122.073556, 37.638254818181814, 1, 125
-122.07088799999998, 37.63564, 1, 126
-122.0699758888889, 37.64400966666667, 1, 127
-122.06116533333334, 37.643675916666666, 1, 128
-122.03541322033895, 37.636952237288135, 1, 129
-122.03895576470586, 37.61912747058824, 1, 130
-122.02949166666666, 37.62105376666666, 1, 131
-122.08538657142856, 37.65127278571428, 1, 132
-122.07962084615386, 37.65784423076923, 1, 133
-122.06834522222222, 37.65951051851852, 1, 134
-122.04628828846154, 37.65476288461539, 1, 135
-122.09506400000001, 37.65397349999999, 1, 136
-122.10230892307692, 37.66325692307693, 1, 137
-122.11047450000001, 37.661479, 1, 138
-122.11005062500003, 37.6677941875, 1, 139
-122.11266287999999, 37.67615460000001, 1, 140
-122.11316822580648, 37.68778151612903, 1, 141
-122.11153057894738, 37.69288594736843, 1, 142
-122.11410330769232, 37.69887153846154, 1, 143
-122.1081821632653, 37.70568771428571, 1, 144
-122.09744706666665, 37.70404223333333, 1, 145
-122.08305019230768, 37.68442819230769, 1, 146
-122.0781803888889, 37.69326283333333, 1, 147
-122.06336262499998, 37.699602166666665, 1, 148
-122.06154852499996, 37.722644175, 1, 149
-122.08503289285714, 37.722474749999996, 1, 150
-122.08436147368421, 37.706221, 1, 151
-122.0820440625, 37.69858675, 1, 152
-122.10640073684212, 37.72207618421052, 1, 153
-122.06778800000001, 37.68683352380952, 1, 154
-122.0531177777778, 37.68783322222221, 1, 155
-121.97522753299494, 37.644558116751284, 1, 156
-122.02833928169017, 37.721227859154915, 1, 157
-121.93692020279717, 37.6522625104895, 1, 158
-121.91119929268291, 37.66626865853657, 1, 159
-121.91005004761902, 37.689188, 1, 160
-121.89453827272727, 37.69278463636363, 1, 161
-121.86511560000001, 37.69754264999999, 1, 162
-121.85998093333332, 37.70590813333333, 1, 163
-121.84872255769231, 37.71944571153846, 1, 164
-121.8400567887324, 37.72597877464789, 1, 165
-121.76554695890408, 37.72446194520549, 1, 166
-121.89918044999997, 37.66929085000001, 1, 167
-121.88296309523813, 37.67183433333334, 1, 168
-121.86969676470589, 37.671559058823526, 1, 169
-121.85474608695655, 37.684673695652165, 1, 170
-121.89020931578943, 37.680737105263155, 1, 171
-121.88264348387098, 37.65705848387097, 1, 172
-121.86626865217394, 37.65979669565218, 1, 173
-121.83766134285712, 37.6611305142857, 1, 174
-121.80030052941174, 37.66635517647058, 1, 175
-121.78865191666667, 37.67251191666666, 1, 176
-121.776592, 37.672079681818175, 1, 177
-121.76408888888888, 37.67322014814814, 1, 178
-121.78088888235294, 37.68644982352941, 1, 179
-121.78437046153847, 37.69113246153846, 1, 180
-121.76504118518521, 37.696214740740736, 1, 181
-121.75275390476187, 37.68524985714286, 1, 182
-121.74166258823529, 37.675342, 1, 183
-121.72851335714286, 37.68400535714285, 1, 184
-121.72495564285714, 37.689442214285705, 1, 185
-121.66804142222226, 37.59432604444445, 1, 186
-121.49538729166663, 37.71776239583334, 1, 187
-121.475717440367, 37.78484697247708, 1, 188
-121.44378527272728, 37.750613727272736, 1, 189
-121.475717440367, 37.78484697247708, 1, 190
-121.44044688235293, 37.757728941176474, 1, 191
-121.421808, 37.75245452941177, 1, 192
-121.36569967256634, 37.78542270796459, 1, 193
-121.42331511764708, 37.71067976470588, 1, 194
-121.4443498095238, 37.71450909523809, 1, 195
-121.43549568421052, 37.71861384210526, 1, 196
-121.44435061538462, 37.73386461538461, 1, 197
-121.4448035714286, 37.74407257142857, 1, 198
-121.43206636363638, 37.73345445454546, 1, 199
-121.44435061538462, 37.73386461538461, 1, 200
-121.47383489690723, 37.602364876288654, 1, 201
-121.28525730000001, 37.71918056428572, 1, 202
-121.26501017454547, 37.46031706545454, 1, 203
-121.28525730000001, 37.71918056428572, 1, 204
-121.42331511764708, 37.71067976470588, 1, 205
-121.27779615789471, 37.78431257894737, 1, 206
-121.22470070370373, 37.78282540740741, 1, 207
-121.18947178571428, 37.799096500000005, 1, 208
-121.22470070370373, 37.78282540740741, 1, 209
-121.2020275483871, 37.80043570967742, 1, 210
-121.15616748387095, 37.72704403225807, 1, 211
-121.10655327906979, 37.77135143023256, 1, 212
-121.120896525, 37.733984875, 1, 213
-121.05846055238095, 37.73743984761906, 1, 214
-121.02367805000002, 37.69701774999999, 1, 215
-121.06001984615384, 37.69417707692308, 1, 216
-121.03795886666666, 37.676165266666665, 1, 217
-121.02398385000001, 37.66453425, 1, 218
-121.03332492307693, 37.656768846153845, 1, 219
-121.0326010222222, 37.629627311111115, 1, 220
-121.15724909523809, 37.67582516402117, 1, 221
-121.01763732142858, 37.63035814285714, 1, 222
-121.0326010222222, 37.629627311111115, 1, 223
-121.00847082352942, 37.63747447058824, 1, 224
-120.99139395238093, 37.637713380952384, 1, 225
-121.0037165384615, 37.62157469230769, 1, 226
-121.00387423809528, 37.61046954761905, 1, 227
-120.9809576956522, 37.62057152173914, 1, 228
-120.96603429411765, 37.60447917647059, 1, 229
-120.94705549999999, 37.5874030625, 1, 230
-120.94001291176471, 37.564365499999994, 1, 231
-120.94236644615386, 37.4888851846154, 1, 232
-120.94001291176471, 37.564365499999994, 1, 233
-120.86941043750001, 37.533213874999994, 1, 234
-121.120896525, 37.733984875, 1, 235
-121.22470070370373, 37.78282540740741, 1, 236
-121.28845081818181, 37.818449454545444, 1, 237
-121.30324754736846, 37.82308541052632, 1, 238
-121.28319655555555, 37.83328922222221, 1, 239
-121.27795262500001, 37.889749425000005, 1, 240
-121.29475534999997, 37.90579755, 1, 241
-121.2848481, 37.91712565, 1, 242
-121.30700477142862, 37.92080828571429, 1, 243
-121.28911880000001, 37.92885855, 1, 244
-121.29013004761906, 37.943984190476186, 1, 245
-121.31904979411766, 37.93980476470589, 1, 246
-121.29893747619049, 37.95246380952381, 1, 247
-121.3068888, 37.961124299999994, 1, 248
-121.29893747619049, 37.95246380952381, 1, 249
-121.28505771428573, 37.9534840952381, 1, 250
-121.27441992857142, 37.94853557142857, 1, 251
-121.26021672222224, 37.95240444444445, 1, 252
-121.24505005555554, 37.95427072222222, 1, 253
-121.2567633125, 37.968201625, 1, 254
-121.25688246666665, 37.97583866666667, 1, 255
-121.21998830303033, 37.98936406060605, 1, 256
-121.23553810000001, 37.9644145, 1, 257
-121.33032386956519, 37.95813508695652, 1, 258
-121.32768935294119, 37.96736694117648, 1, 259
-121.32751627272727, 37.978196545454544, 1, 260
-121.32589974074072, 37.983188185185185, 1, 261
-121.35042148148148, 37.966902037037045, 1, 262
-121.3409729090909, 37.99559909090909, 1, 263
-121.35042148148148, 37.966902037037045, 1, 264
-121.35938368750001, 37.98122134374999, 1, 265
-121.3406377105263, 38.00606226315788, 1, 266
-121.35919209090912, 38.0006828181818, 1, 267
-121.36297800000001, 38.00931015789473, 1, 268
-121.3821033235294, 38.02743179411764, 1, 269
-121.3890854074074, 38.04866611111111, 1, 270
-121.47639635779818, 38.159918931192664, 1, 271
-121.39927472477059, 38.31490052293577, 1, 272
-121.46691951851854, 38.394662370370376, 1, 273
-121.46778409523809, 38.41056671428571, 1, 274
-121.4751306111111, 38.42289105555556, 1, 275
-121.46497297777779, 38.443741399999986, 1, 276
-121.46991943243248, 38.4623574054054, 1, 277
-121.49230099999998, 38.47580284210526, 1, 278
-121.51249314814815, 38.50105403703703, 1, 279
-121.46778409523809, 38.41056671428571, 1, 280
-121.35042148148148, 37.966902037037045, 1, 281
-121.475717440367, 37.78484697247708, 1, 282
-121.430583875, 37.7465014375, 1, 283
-121.73241923809523, 37.696280904761906, 1, 284
-121.74776037142856, 37.709608628571424, 1, 285
-121.79010021428574, 37.6639815, 1, 286
-121.78923409090908, 37.649750636363635, 1, 287
-121.81450254054053, 37.689359891891904, 1, 288
-121.95721330555554, 37.70826952777779, 1, 289
-121.94408680000001, 37.70864946666667, 1, 290
-121.93155399999999, 37.71079691304348, 1, 291
-121.97724251515154, 37.745148575757554, 1, 292
-121.97494123076923, 37.76418646153845, 1, 293
-121.99177579629628, 37.7816225, 1, 294
-121.97730575862067, 37.79509227586207, 1, 295
-121.96412897777775, 37.797600222222215, 1, 296
-121.9440626578947, 37.79394889473684, 1, 297
-121.94969040000001, 37.746735750000006, 1, 298
-121.95080599999999, 37.75506234615385, 1, 299
-121.94931619999998, 37.773143857142855, 1, 300
-121.93918714285714, 37.73221592857142, 1, 301
-121.92724063636365, 37.74027109090909, 1, 302
-121.89382714705886, 37.74720285294118, 1, 303
-121.88373180392156, 37.7703477254902, 1, 304
-121.82641391707317, 37.843511117073184, 1, 305
-121.60411276033058, 37.84738023140495, 1, 306
-121.59166960227276, 37.93368540909092, 1, 307
-121.60822306250002, 37.9058889375, 1, 308
-121.58391112820514, 37.908203230769224, 1, 309
-121.46700874261609, 37.911601797468315, 1, 310
-121.82641391707317, 37.843511117073184, 1, 311
-121.91395009090907, 37.72353090909091, 1, 312
-121.91882914285713, 37.711538952380955, 1, 313
-121.89041508333334, 37.719655875, 1, 314
-121.88748899999999, 37.705987071428574, 1, 315
-121.92815610909089, 37.76575067272727, 1, 316
-121.91668211999996, 37.765618960000005, 1, 317
-121.90798425581396, 37.78882932558139, 1, 318
-121.90486258823528, 37.80530823529412, 1, 319
-122.09401850704221, 37.759780098591555, 1, 320
-122.06639719999998, 37.681114533333336, 1, 321
-122.08354443999997, 37.67448520000001, 1, 322
-122.06532902941174, 37.67162064705882, 1, 323
-122.04389459459455, 37.667236486486495, 1, 324
-122.09472490909091, 37.68069936363636, 1, 325
-122.10699568421055, 37.68244226315789, 1, 326
-122.10144377777777, 37.67479133333333, 1, 327
-122.0923189375, 37.667010187500004, 1, 328
-122.12478551724139, 37.69882548275861, 1, 329
-122.13389000000001, 37.714430444444446, 1, 330
-122.12388003636364, 37.72117892727272, 1, 331
-122.14277466666667, 37.727338333333336, 1, 332
-122.14683436363636, 37.736857772727284, 1, 333
-122.1568991875, 37.732926437500005, 1, 334
-122.16620275, 37.73216555, 1, 335
-122.17218436842104, 37.73772431578947, 1, 336
-122.17926658333334, 37.74542091666667, 1, 337
-122.1834913125, 37.751060875, 1, 338
-122.18853836842106, 37.75405652631579, 1, 339
-122.19636341176468, 37.75824958823529, 1, 340
-122.15524995454547, 37.72340636363637, 1, 341
-122.16284561538463, 37.74105269230769, 1, 342
-122.13190022222221, 37.740782311111104, 1, 343
-122.15231012500003, 37.74711433333334, 1, 344
-122.1571012307692, 37.761367615384614, 1, 345
-122.13861161290323, 37.76235403225806, 1, 346
-122.16625700000003, 37.77123872, 1, 347
-122.18645208000002, 37.781681400000004, 1, 348
-122.19294746666665, 37.77752166666666, 1, 349
-122.19717116666665, 37.76961775, 1, 350
-122.20666061538462, 37.771633846153854, 1, 351
-122.20384255555554, 37.77695133333333, 1, 352
-122.21124781249999, 37.780730625000004, 1, 353
-122.21525341666666, 37.78295325, 1, 354
-122.21675009999998, 37.78791199999999, 1, 355
-122.21905294117647, 37.77855529411765, 1, 356
-122.18870777272727, 37.769182499999985, 1, 357
-122.18296595652176, 37.76600226086957, 1, 358
-122.17214907692308, 37.76430830769231, 1, 359
-122.16679393749999, 37.756158625000005, 1, 360
-122.17301338888888, 37.75306666666667, 1, 361
-122.17903327777776, 37.760569277777776, 1, 362
-122.1851974782609, 37.78914456521739, 1, 363
-122.18993279999998, 37.79403104999999, 1, 364
-122.19480814814813, 37.799211666666665, 1, 365
-122.18432277272723, 37.804283409090914, 1, 366
-122.15951134545459, 37.78765447272727, 1, 367
-122.20085136000002, 37.80289616, 1, 368
-122.20858241176472, 37.81188841176471, 1, 369
-122.1893644166667, 37.82090877777778, 1, 370
-122.20098290000001, 37.83453693333334, 1, 371
-122.2171232352941, 37.82761629411764, 1, 372
-122.234991, 37.83562692592592, 1, 373
-122.22787951612901, 37.822417096774195, 1, 374
-122.24191047826086, 37.824219, 1, 375
-122.21273286666664, 37.805621800000004, 1, 376
-122.20286853333332, 37.7880246, 1, 377
-122.20831723076923, 37.79307153846154, 1, 378
-122.2155540909091, 37.79600763636363, 1, 379
-122.2220186, 37.79512313333334, 1, 380
-122.2251756153846, 37.789474, 1, 381
-122.2306095625, 37.7980703125, 1, 382
-122.23789377777777, 37.80058011111112, 1, 383
-122.24346423529411, 37.804660764705886, 1, 384
-122.22882558333333, 37.80843687499999, 1, 385
-122.23272495, 37.812100349999994, 1, 386
-122.25193906666667, 37.8096424, 1, 387
-122.25367763157892, 37.81363336842105, 1, 388
-122.24890423076924, 37.817374, 1, 389
-122.25936752941176, 37.816991823529406, 1, 390
-122.25321853333331, 37.822970733333335, 1, 391
-122.25174100000001, 37.82636884615384, 1, 392
-122.24961113333332, 37.82978659999999, 1, 393
-122.26840785714286, 37.81774814285715, 1, 394
-122.2735364117647, 37.82064888235294, 1, 395
-122.27357263157893, 37.83122173684211, 1, 396
-122.26390105263157, 37.83067705263157, 1, 397
-122.25561584210527, 37.84097515789474, 1, 398
-122.23874713043476, 37.84509986956522, 1, 399
-122.21658641025643, 37.84711548717949, 1, 400
-122.22213950000001, 37.88659543333333, 1, 401
-122.17959432467536, 37.90400679220779, 1, 402
-122.16748672413793, 37.87980606896552, 1, 403
-122.18038356, 37.85683306, 1, 404
-122.1324762954545, 37.905345863636356, 1, 405
-122.10351420833332, 37.889474625, 1, 406
-122.08743626415098, 37.91242033962265, 1, 407
-122.08412856000004, 37.88465398000002, 1, 408
-122.05809988888889, 37.890586777777784, 1, 409
-122.07938370370368, 37.873238407407406, 1, 410
-122.06476649999998, 37.864566730769226, 1, 411
-122.06878030434783, 37.85642243478261, 1, 412
-122.05200307999998, 37.86908417999999, 1, 413
-122.03410217857142, 37.83451005357142, 1, 414
-122.02228521590914, 37.80909952272727, 1, 415
-121.98647950000003, 37.82160986363636, 1, 416
-121.95375006249999, 37.821295812500004, 1, 417
-122.03220773913044, 37.88742754347826, 1, 418
-122.01168440425532, 37.87775640425532, 1, 419
-121.97226347115384, 37.86234329807693, 1, 420
-121.96599562105258, 37.845246705263165, 1, 421
-122.06752754545457, 37.924575969696974, 1, 422
-122.07198108571431, 37.93336231428572, 1, 423
-122.06059390322584, 37.95256641935483, 1, 424
-122.0483310689655, 37.95816134482759, 1, 425
-122.04107668421052, 37.966582263157896, 1, 426
-122.03428122222223, 37.96747594444444, 1, 427
-122.02281949999997, 37.96986272222222, 1, 428
-122.01732929166666, 37.95845420833333, 1, 429
-122.00503203846155, 37.94310623076923, 1, 430
-121.99814635483872, 37.92098577419354, 1, 431
-122.01879588235293, 37.91934211764707, 1, 432
-122.031679, 37.930627333333334, 1, 433
-122.01875208163268, 37.907685795918376, 1, 434
-122.04795353124999, 37.920012781249994, 1, 435
-122.05420067647059, 37.92632202941177, 1, 436
-122.05607251851853, 37.938621555555564, 1, 437
-122.03805873333334, 37.90351482222221, 1, 438
-122.04476138709673, 37.894092354838705, 1, 439
-121.9868765769231, 37.95238480769231, 1, 440
-121.96693105128205, 37.93839143589742, 1, 441
-121.98015419999999, 37.95526056666666, 1, 442
-122.00194633333332, 37.963410999999994, 1, 443
-122.01407140740743, 37.97743574074074, 1, 444
-121.9998993809524, 37.981340952380954, 1, 445
-121.98683966666665, 37.96949266666666, 1, 446
-121.9690240625, 37.965303750000004, 1, 447
-121.95791529411765, 37.96072270588235, 1, 448
-121.93039117777776, 37.95167591111111, 1, 449
-121.92981424637682, 37.89127484057971, 1, 450
-122.02406387500001, 37.990246000000006, 1, 451
-122.03444209999998, 37.99298845, 1, 452
-122.05684371794875, 37.979449256410255, 1, 453
-122.07192555555554, 37.98104102777778, 1, 454
-122.08267133333334, 38.00100466666667, 1, 455
-122.10420466666673, 38.02189268627451, 1, 456
-122.10127215151512, 37.98833727272728, 1, 457
-122.11239666666667, 37.97128684210527, 1, 458
-122.21278363228699, 37.95148814349775, 1, 459
-122.16045194594595, 38.019563905405406, 1, 460
-122.09472882352941, 37.97598876470589, 1, 461
-122.1095061111111, 37.99882155555556, 1, 462
-122.12193005882352, 38.00609188235295, 1, 463
-122.12751795833333, 38.01702370833333, 1, 464
-122.14071842857145, 38.02277771428572, 1, 465
-122.02772088235292, 38.03452135294117, 1, 466
-121.97535422222225, 37.99566668055556, 1, 467
-121.92699827777784, 38.01115746296296, 1, 468
-121.92687658064514, 38.016803354838714, 1, 469
-121.916414625, 38.03213062499999, 1, 470
-121.94664419230769, 38.02395819230769, 1, 471
-121.94716774999999, 38.036385187499995, 1, 472
-121.96843281250001, 38.042446218749994, 1, 473
-121.9000563846154, 38.013254076923076, 1, 474
-121.89520025000002, 38.02142658333333, 1, 475
-121.8952391764706, 38.02699782352941, 1, 476
-121.8709692307692, 38.03853209615385, 1, 477
-121.88202547619048, 38.0047970952381, 1, 478
-121.86753084615384, 38.01410630769231, 1, 479
-121.86448581249998, 38.004042437500004, 1, 480
-121.8475404, 38.0023092, 1, 481
-121.836151425, 37.99000475, 1, 482
-121.8316211875, 37.994725625, 1, 483
-121.81674113043476, 38.000587913043475, 1, 484
-121.79682482758622, 37.99054496551724, 1, 485
-121.76812286363635, 37.98748936363637, 1, 486
-121.75164955999999, 37.97344272, 1, 487
-121.7624712, 37.94730297142856, 1, 488
-121.7337073809524, 37.95273780952381, 1, 489
-121.71142982352943, 37.94047247058823, 1, 490
-121.70684895000002, 37.95734804999999, 1, 491
-121.67390353571429, 37.93517960714286, 1, 492
-121.70805335714284, 37.93122564285714, 1, 493
-121.71034499999998, 37.907817521739126, 1, 494
-121.74016860317462, 37.894762523809526, 1, 495
-121.73145352631578, 37.98364689473685, 1, 496
-121.70634773333335, 37.989386066666675, 1, 497
-121.67068242857141, 37.99410485714286, 1, 498
-121.61627936054425, 38.03130708843536, 1, 499
-121.67068242857141, 37.99410485714286, 1, 500
-121.81550890476187, 37.98666261904762, 1, 501
-121.8430168867925, 37.93752612578615, 1, 502
-121.92531322500001, 37.993631937499984, 1, 503
-121.8733235, 37.980814499999994, 1, 504
-121.79466676923076, 37.976900038461544, 1, 505
-121.8020736181818, 37.94518058181818, 1, 506
-121.77618878260866, 37.97959886956523, 1, 507
-121.77038918750002, 37.969120375, 1, 508
-121.80030193749997, 38.0064765, 1, 509
-121.787516875, 38.00912, 1, 510
-121.7750813714286, 38.01118628571429, 1, 511
-121.72928337500001, 37.9984288125, 1, 512
-121.71864320512822, 38.01631638461538, 1, 513
-121.6908687159091, 38.0991085625, 1, 514
-121.78389341071431, 38.18609465178571, 1, 515
-121.7750813714286, 38.01118628571429, 1, 516
-121.82774854166671, 38.01403487499999, 1, 517
-121.82899055555555, 38.00394111111111, 1, 518
-122.03688763157894, 37.97464836842105, 1, 519
-122.04450894444446, 37.956108222222234, 1, 520
-122.04376328571428, 37.948438, 1, 521
-122.0286395, 37.95440173076923, 1, 522
-122.04640180952381, 37.941687476190474, 1, 523
-122.07157560000003, 37.951622799999996, 1, 524
-122.08989175000004, 37.93430569444444, 1, 525
-122.12067537121214, 37.93015371969698, 1, 526
-122.07749464102565, 37.960523641025645, 1, 527
-122.06347436842103, 37.90563910526315, 1, 528
-122.1052992857143, 37.869003742857146, 1, 529
-122.0990054042553, 37.845870595744685, 1, 530
-122.14015551724138, 37.85536062068966, 1, 531
-122.15737519298241, 37.828287333333336, 1, 532
-122.10621449999994, 37.82398576666667, 1, 533
-122.13798846, 37.87768752, 1, 534
-122.26522800000002, 37.84162827272727, 1, 535
-122.26588433333333, 37.848445466666675, 1, 536
-122.26817815789472, 37.85103957894737, 1, 537
-122.27527326666664, 37.85003853333334, 1, 538
-122.281586, 37.8502258125, 1, 539
-122.28383108333333, 37.85777341666666, 1, 540
-122.27674576923079, 37.859334230769235, 1, 541
-122.27847119999998, 37.866656000000006, 1, 542
-122.26893463636365, 37.86807690909091, 1, 543
-122.27824291666667, 37.87448866666667, 1, 544
-122.27803466666666, 37.88111133333333, 1, 545
-122.28966384615386, 37.88129, 1, 546
-122.27062000000001, 37.88217358333333, 1, 547
-122.27180406666666, 37.888403866666664, 1, 548
-122.27612435714285, 37.89804353571429, 1, 549
-122.28198410344824, 37.89014289655173, 1, 550
-122.28737978260868, 37.88701856521739, 1, 551
-122.29130605882352, 37.895304, 1, 552
-122.29736146153846, 37.89442661538462, 1, 553
-122.29155535, 37.905107799999996, 1, 554
-122.29807023076924, 37.901644, 1, 555
-122.30601815384615, 37.90118499999999, 1, 556
-122.31004436363638, 37.907177136363636, 1, 557
-122.309354, 37.89306230434782, 1, 558
-122.30991840000002, 37.88639353333334, 1, 559
-122.30195218181821, 37.864248848484856, 1, 560
-122.32288431578948, 37.91678415789474, 1, 561
-122.31653948148147, 37.92312355555556, 1, 562
-122.3350515, 37.93090250000001, 1, 563
-122.33033758823528, 37.940684000000005, 1, 564
-122.32160153571428, 37.938770857142856, 1, 565
-122.3154709, 37.945607133333326, 1, 566
-122.32168117142857, 37.958479171428564, 1, 567
-122.33824723999999, 37.95670312, 1, 568
-122.33398312000003, 37.96656392, 1, 569
-122.33103555172416, 37.97184665517241, 1, 570
-122.33036288888883, 37.9822572962963, 1, 571
-122.31701962499999, 37.99438356249998, 1, 572
-122.3095228965517, 37.97533462068966, 1, 573
-122.29504637931036, 37.968285, 1, 574
-122.29119020512826, 37.94340326923077, 1, 575
-122.26817209433963, 37.96843684905661, 1, 576
-122.2857691111111, 37.980991777777774, 1, 577
-122.2925388275862, 38.004487068965524, 1, 578
-122.30915603448278, 38.00271631034482, 1, 579
-122.25264425531913, 37.983684765957456, 1, 580
-122.26400773076921, 38.00010707692308, 1, 581
-122.25490009090912, 38.00762063636363, 1, 582
-122.22972426530609, 38.021021755102026, 1, 583
-122.19839898412697, 38.0372775079365, 1, 584
-122.21746250000001, 38.07236949999999, 1, 585
-122.22434176923078, 38.0827311923077, 1, 586
-122.24367080000003, 38.088828760000006, 1, 587
-122.23692114285714, 38.096273714285715, 1, 588
-122.24886000000001, 38.10071728571428, 1, 589
-122.258202, 38.1018043076923, 1, 590
-122.26256713333335, 38.11060866666666, 1, 591
-122.26777655555554, 38.11734711111111, 1, 592
-122.27007356250002, 38.121988875, 1, 593
-122.25854904761907, 38.12771566666667, 1, 594
-122.25024343750002, 38.1121548125, 1, 595
-122.23845416666667, 38.10527916666666, 1, 596
-122.23599321428571, 38.11662157142858, 1, 597
-122.2219978125, 38.1182356875, 1, 598
-122.22373725, 38.10430466666667, 1, 599
-122.20978294117648, 38.104610470588234, 1, 600
-122.19452631034478, 38.105311689655174, 1, 601
-122.20850383333332, 38.114036055555545, 1, 602
-122.18741364705888, 38.12949027941176, 1, 603
-122.17190906060607, 38.09397419696968, 1, 604
-122.2373124615385, 38.124843999999996, 1, 605
-122.21534941666664, 38.12836325, 1, 606
-122.23343260869565, 38.13633091304347, 1, 607
-122.22766157894735, 38.14841894736842, 1, 608
-122.2210653821656, 38.23460039490446, 1, 609
-122.25947647222223, 38.28868805555556, 1, 610
-122.27475010714285, 38.28822578571429, 1, 611
-122.27245397297297, 38.27053094594594, 1, 612
-122.28960709090907, 38.28683081818182, 1, 613
-122.30266707272727, 38.26032587272728, 1, 614
-122.2719672037037, 38.312093518518516, 1, 615
-122.28590495238093, 38.30357028571429, 1, 616
-122.28827738888887, 38.29594127777778, 1, 617
-122.29844795238098, 38.293519428571436, 1, 618
-122.3072827222222, 38.294333111111115, 1, 619
-122.32613462068969, 38.29513775862068, 1, 620
-122.32844352499998, 38.311569025, 1, 621
-122.3448124878049, 38.309997439024386, 1, 622
-122.3749687952219, 38.2919594061433, 1, 623
-122.45374919999999, 38.1184023, 1, 624
-122.46411223076923, 38.280859807692316, 1, 625
-122.45279786666667, 38.286890533333334, 1, 626
-122.4396675104167, 38.320687645833324, 1, 627
-122.49125947499999, 38.321641425, 1, 628
-122.48730191999998, 38.305744159999996, 1, 629
-122.52781442342341, 38.30817979279281, 1, 630
-122.46764676388892, 38.342835333333355, 1, 631
-122.31316246666667, 38.30549086666667, 1, 632
-122.31911257894738, 38.31509657894737, 1, 633
-122.30112887499999, 38.311181000000005, 1, 634
-122.32055918181817, 38.322844545454544, 1, 635
-122.3315404, 38.33251706666667, 1, 636
-122.31284405263159, 38.33268336842105, 1, 637
-122.30440945000001, 38.33567190000001, 1, 638
-122.35102072185427, 38.37808792715233, 1, 639
-122.36925955555554, 38.39371583333334, 1, 640
-122.29192776923075, 38.31702146153846, 1, 641
-122.28107779999998, 38.31704404999999, 1, 642
-122.23024167058827, 38.32658505882353, 1, 643
-122.27189847252751, 38.39044759340661, 1, 644
-122.22503922884012, 38.43725963636365, 1, 645
-122.47270656682026, 38.47551111059907, 1, 646
-122.45694031818185, 38.50325675, 1, 647
-122.42363253879313, 38.55330827586206, 1, 648
-122.47884020588238, 38.50786561764706, 1, 649
-122.54491794871797, 38.6068712051282, 1, 650
-122.57882833333332, 38.58127611111111, 1, 651
-122.47270656682026, 38.47551111059907, 1, 652
-122.23024167058827, 38.32658505882353, 1, 653
-122.2210653821656, 38.23460039490446, 1, 654
-122.28044927710846, 38.20342940963855, 1, 655
-122.14105540740744, 38.15696579012344, 1, 656
-122.18276615267182, 38.24501964122137, 1, 657
-122.10429093333339, 38.21332759999999, 1, 658
-122.06530730303031, 38.23091027272727, 1, 659
-122.05939115384614, 38.25283269230769, 1, 660
-122.04950157142856, 38.26489878571429, 1, 661
-122.04541473333333, 38.24563880000001, 1, 662
-122.04226145454545, 38.25404090909091, 1, 663
-122.04108007692308, 38.26674330769231, 1, 664
-122.02999345454545, 38.264829909090906, 1, 665
-122.02085485714285, 38.265995999999994, 1, 666
-122.03187528571429, 38.252900142857136, 1, 667
-122.01447281250002, 38.26397281250001, 1, 668
-122.00255429166664, 38.25982354166667, 1, 669
-121.98119395238093, 38.25793357142857, 1, 670
-121.999778, 38.248517933333325, 1, 671
-122.008484, 38.26987154545455, 1, 672
-122.01496355555554, 38.27725077777777, 1, 673
-122.0142415882353, 38.28460576470589, 1, 674
-121.97840004938277, 38.29626881481481, 1, 675
-121.94550221212121, 38.27302309090909, 1, 676
-121.94562931034483, 38.278715896551724, 1, 677
-121.9396714090909, 38.260105340909085, 1, 678
-121.94550221212121, 38.27302309090909, 1, 679
-122.03103306249999, 38.247292125, 1, 680
-122.01247946666666, 38.249688600000006, 1, 681
-121.950935247191, 38.145531011235946, 1, 682
-122.06600684210528, 38.26701531578947, 1, 683
-122.05929508333332, 38.274577374999986, 1, 684
-122.05216156249999, 38.292827187500016, 1, 685
-122.03586258479537, 38.426244953216376, 1, 686
-122.04656551388888, 38.57664347685185, 1, 687
-122.17975679151935, 38.76088285512371, 1, 688
-122.04656551388888, 38.57664347685185, 1, 689
-122.00124636111111, 38.352439888888895, 1, 690
-121.99610391304344, 38.325846847826085, 1, 691
-121.9796351, 38.34320795, 1, 692
-121.966136125, 38.342004812499994, 1, 693
-121.96534000000001, 38.324421636363645, 1, 694
-121.98325583333332, 38.32432705555556, 1, 695
-121.95780986666668, 38.3435784, 1, 696
-121.944030125, 38.3402645, 1, 697
-121.92398407407407, 38.34550122222222, 1, 698
-121.95014230000001, 38.3575077, 1, 699
-121.94843240909091, 38.36665327272727, 1, 700
-121.93828956060604, 38.3949288030303, 1, 701
-121.80871736619717, 38.464527415492945, 1, 702
-121.84792590476192, 38.442692190476194, 1, 703
-121.82372804545457, 38.450750045454534, 1, 704
-121.83334258823528, 38.458442647058824, 1, 705
-121.77739343478258, 38.53756413043479, 1, 706
-121.73729800000001, 38.54747657142856, 1, 707
-121.72338460714285, 38.54070982142857, 1, 708
-121.7055615, 38.54004867857143, 1, 709
-121.58228894392524, 38.430722401869154, 1, 710
-121.5633889130435, 38.567786, 1, 711
-121.60436987878789, 38.69492481060605, 1, 712
-121.57181384000003, 38.66044392, 1, 713
-121.57407693023254, 38.69769202325582, 1, 714
-121.60436987878789, 38.69492481060605, 1, 715
-121.53314336363637, 38.608506, 1, 716
-121.51773494444443, 38.60867355555555, 1, 717
-121.50759413333331, 38.618254400000005, 1, 718
-121.49257396551721, 38.64411596551725, 1, 719
-121.49271100000001, 38.6318307, 1, 720
-121.473745125, 38.62972806250001, 1, 721
-121.4573978421053, 38.63372747368421, 1, 722
-121.44069985714287, 38.64292580952382, 1, 723
-121.41982163636364, 38.64270709090909, 1, 724
-121.39510637142855, 38.64073585714287, 1, 725
-121.35901868965517, 38.64735686206897, 1, 726
-121.34760399999998, 38.65761973684211, 1, 727
-121.34268394736843, 38.668780000000005, 1, 728
-121.32663744444444, 38.681743333333344, 1, 729
-121.31590568750003, 38.695241875, 1, 730
-121.29769936363635, 38.710520545454536, 1, 731
-121.29506833333332, 38.72856685714286, 1, 732
-121.27450068749998, 38.7232966875, 1, 733
-121.2678257142857, 38.735778190476196, 1, 734
-121.2415853, 38.75506963333332, 1, 735
-121.23916820000001, 38.764557919999994, 1, 736
-121.219328, 38.77868331818183, 1, 737
-121.49271100000001, 38.6318307, 1, 738
-121.5633889130435, 38.567786, 1, 739
-121.53287046666668, 38.57636933333333, 1, 740
-121.52432680952381, 38.571689285714285, 1, 741
-121.50584073333333, 38.56933206666667, 1, 742
-121.49266845454545, 38.56514063636364, 1, 743
-121.47655323076923, 38.562228, 1, 744
-121.46404793333333, 38.553718200000006, 1, 745
-121.44290885000001, 38.55222559999999, 1, 746
-121.3986272962963, 38.543764074074076, 1, 747
-121.39053104761904, 38.55054104761904, 1, 748
-121.37041225, 38.557835000000004, 1, 749
-121.36171355000002, 38.554434699999995, 1, 750
-121.34150084615385, 38.555967307692306, 1, 751
-121.32631618750001, 38.565405062500005, 1, 752
-121.31761686363637, 38.572167818181825, 1, 753
-121.30480692307691, 38.574305461538465, 1, 754
-121.2999248, 38.58758313333335, 1, 755
-121.2844330357143, 38.58578960714285, 1, 756
-121.27695085714288, 38.60776200000001, 1, 757
-121.23976947368423, 38.62681310526315, 1, 758
-121.2142103181818, 38.57266548484847, 1, 759
-121.37041225, 38.557835000000004, 1, 760
-121.4759795833333, 38.56825191666667, 1, 761
-121.4725921, 38.5742937, 1, 762
-121.46938958333334, 38.58037808333332, 1, 763
-121.47749664102568, 38.589455410256406, 1, 764
-121.43562123529412, 38.579188176470595, 1, 765
-121.42929184375, 38.587244687500004, 1, 766
-121.42752342857143, 38.603643999999996, 1, 767
-121.43562123529412, 38.579188176470595, 1, 768
-121.4713148, 38.54887726666666, 1, 769
-121.46952226666667, 38.53446953333333, 1, 770
-121.47067342857143, 38.51967700000001, 1, 771
-121.46073314285715, 38.519032499999994, 1, 772
-121.46341164285715, 38.50378899999999, 1, 773
-121.50584073333333, 38.56933206666667, 1, 774
-121.50604733333333, 38.57589688888888, 1, 775
-121.502171625, 38.58248437500001, 1, 776
-121.49062564285717, 38.57628078571429, 1, 777
-121.50584073333333, 38.56933206666667, 1, 778
-121.73729800000001, 38.54747657142856, 1, 779
-121.74542264705882, 38.54954835294118, 1, 780
-121.75604485714287, 38.552768, 1, 781
-121.76415440000001, 38.553113499999995, 1, 782
-121.75858141176471, 38.57116170588236, 1, 783
-121.74156218269235, 38.588618048076924, 1, 784
-121.76635635294117, 38.65953229411765, 1, 785
-121.75138463636364, 38.66940072727272, 1, 786
-121.76510963636365, 38.68398118181818, 1, 787
-121.74073792307694, 38.67119269230769, 1, 788
-121.75568202840914, 38.678742994318185, 1, 789
-121.93828956060604, 38.3949288030303, 1, 790
-121.94347813793101, 38.33207403448276, 1, 791
-121.94079772499997, 38.32153377499999, 1, 792
-121.9672628636364, 38.353137590909085, 1, 793
-121.99718166666668, 38.361738111111116, 1, 794
-121.98625693939393, 38.37857921212121, 1, 795
-121.97203208333337, 38.37505716666667, 1, 796
-121.9751308888889, 38.39538107407407, 1, 797
-122.0088081875, 38.36965050000001, 1, 798
-122.02574772727273, 38.30029048484849, 1, 799
-122.09214335897435, 38.29298369230769, 1, 800
-122.0370572142857, 38.27812578571429, 1, 801
-122.2426033125, 38.149094312500004, 1, 802
-122.26775851515154, 38.13681209090909, 1, 803
-122.27798375, 38.1496151875, 1, 804
-122.23935552631576, 38.16016778947368, 1, 805
-122.26258818749999, 38.160270999999995, 1, 806
-122.26216515789474, 38.17290826315789, 1, 807
-122.22327226086959, 38.09483921739131, 1, 808
-122.2153474782609, 38.09314860869565, 1, 809
-122.20035476000001, 38.08970020000001, 1, 810
-122.18108846153844, 38.079905653846154, 1, 811
-122.16668359999994, 38.075768866666664, 1, 812
-122.1667646875, 38.0625093125, 1, 813
-122.17774518750002, 38.05899421874999, 1, 814
-122.15697945454544, 38.07067195454545, 1, 815
-122.12082619199992, 38.102496119999984, 1, 816
-122.20354979411768, 38.074474705882345, 1, 817
-122.28668420754715, 38.10841747169812, 1, 818
-122.25661073529417, 38.04327005882353, 1, 819
-122.27371638095238, 38.02449714285714, 1, 820
-122.27864658333334, 38.01033983333333, 1, 821
-122.28548136363638, 38.01406468181818, 1, 822
-122.34381189285718, 37.99115421428571, 1, 823
-122.34157718181818, 37.939333636363635, 1, 824
-122.35330871428572, 37.941654571428565, 1, 825
-122.36165036842105, 37.939611578947364, 1, 826
-122.35956116, 37.93344196, 1, 827
-122.35727599999998, 37.92909844444445, 1, 828
-122.3882182413793, 37.940209775862066, 1, 829
-122.3736234, 37.961611675, 1, 830
-122.34230853846154, 37.91218203846153, 1, 831
-122.3552576111111, 37.948571333333334, 1, 832
-122.3391085, 37.94859954166666, 1, 833
-122.353169625, 37.9545986875, 1, 834
-122.35259411764707, 37.96146247058823, 1, 835
-122.35104111111112, 37.969479611111105, 1, 836
-122.34669984999998, 37.97505545, 1, 837
-122.33398312000003, 37.96656392, 1, 838
-122.32160153571428, 37.938770857142856, 1, 839
-122.30944094117646, 37.92764388235293, 1, 840
-122.28488664000001, 37.90716192, 1, 841
-122.27630249999999, 37.90971877272728, 1, 842
-122.2938427, 37.91395695, 1, 843
-122.30237833333332, 37.90972958333334, 1, 844
-122.30678953846154, 37.91712415384615, 1, 845
-122.29559596875, 37.9238288125, 1, 846
-122.30944094117646, 37.92764388235293, 1, 847
-122.31388820689656, 37.93416793103447, 1, 848
-122.29530083333334, 37.88735633333334, 1, 849
-122.25892692857143, 37.89140271428572, 1, 850
-122.25619589285714, 37.88464403571429, 1, 851
-122.26043991666667, 37.87774233333334, 1, 852
-122.25609004545453, 37.87306390909091, 1, 853
-122.26718588235293, 37.90049105882353, 1, 854
-122.26950371428573, 37.875328285714296, 1, 855
-122.28743790000003, 37.872944399999994, 1, 856
-122.28688241666667, 37.866036333333334, 1, 857
-122.2935441, 37.86454349999999, 1, 858
-122.29682825, 37.874188499999995, 1, 859
-122.28380105555556, 37.84682622222223, 1, 860
-122.28038936363636, 37.83905790909091, 1, 861
-122.27344795652176, 37.843258999999996, 1, 862
-122.28969685714284, 37.84364071428571, 1, 863
-122.268127, 37.859559, 1, 864
-122.25049376470588, 37.84753164705882, 1, 865
-122.25779699999998, 37.847519125000005, 1, 866
-122.25767972727273, 37.85411672727273, 1, 867
-122.24548392857142, 37.855399, 1, 868
-122.23043795348833, 37.86397472093022, 1, 869
-122.25939127272727, 37.85866336363637, 1, 870
-122.26005399999998, 37.863649555555554, 1, 871
-122.26048345454547, 37.86668163636364, 1, 872
-122.24997926666666, 37.86811553333333, 1, 873
-122.24895542105263, 37.86205131578947, 1, 874
-122.25896899999998, 37.829213625, 1, 875
-122.2802605384615, 37.823622307692304, 1, 876
-122.30427581818181, 37.817830393939396, 1, 877
-122.3002997222222, 37.8391455, 1, 878
-122.29469666666665, 37.83877873333334, 1, 879
-122.2812146842105, 37.83279057894737, 1, 880
-122.27649176923077, 37.81069407692308, 1, 881
-122.28008855555557, 37.80425211111111, 1, 882
-122.27604249999999, 37.801698, 1, 883
-122.27093733333332, 37.80009044444444, 1, 884
-122.265187875, 37.7954803125, 1, 885
-122.25058951612903, 37.78786570967742, 1, 886
-122.2293703, 37.77501410000001, 1, 887
-122.21209900000002, 37.762301578947365, 1, 888
-122.27763066666667, 37.79582416666667, 1, 889
-122.30119407142858, 37.78541739285715, 1, 890
-122.26636221739132, 37.78041760869565, 1, 891
-122.2846938, 37.777639666666666, 1, 892
-122.28447916666667, 37.771494166666656, 1, 893
-122.26978893750001, 37.7714531875, 1, 894
-122.258886, 37.77057633333333, 1, 895
-122.2463301, 37.76634850000001, 1, 896
-122.23342761904757, 37.75927076190476, 1, 897
-122.2311584736842, 37.76359647368421, 1, 898
-122.23925310526319, 37.75482942105263, 1, 899
-122.24730384210527, 37.74126578947368, 1, 900
-122.23788173333331, 37.73884263333333, 1, 901
-122.24853487499996, 37.77575841666666, 1, 902
-122.2729607368421, 37.76698878947369, 1, 903
-122.25890741666667, 37.76225766666667, 1, 904
-122.25124786666669, 37.760587599999994, 1, 905
-122.28500770000001, 37.8056102, 1, 906
-122.28966624999998, 37.80937741666667, 1, 907
-122.28217266666667, 37.81192877777779, 1, 908
-122.28154418181816, 37.81648881818182, 1, 909
-122.29723549999997, 37.807420777777764, 1, 910
-122.299154, 37.8087842, 1, 911
-122.31655875, 37.80392216666667, 1, 912
-122.295348, 37.79755076923077, 1, 913
-122.27249088888887, 37.80890677777777, 1, 914
-122.2666418, 37.806958800000004, 1, 915
-122.25768984615382, 37.81533046153846, 1, 916
-122.25913158333333, 37.811390666666675, 1, 917
-122.25853007692308, 37.80488853846154, 1, 918
-122.2417981904762, 37.814783619047624, 1, 919
-122.2434115, 37.79908416666668, 1, 920
-122.24982207692307, 37.79685292307693, 1, 921
-122.24600854545453, 37.793516727272724, 1, 922
-122.24104264285712, 37.79130535714285, 1, 923
-122.235142, 37.788113, 1, 924
-122.23133306666665, 37.7854834, 1, 925
-122.22655014285715, 37.78230328571429, 1, 926
-122.25550492307691, 37.79844753846154, 1, 927
-122.25181349999998, 37.80168666666666, 1, 928
-122.23372573684209, 37.794201, 1, 929
-122.22058568181815, 37.80545895454545, 1, 930
-122.17570068750001, 37.7748120625, 1, 931
-122.15596081250001, 37.7452984375, 1, 932
-122.1665136923077, 37.746447, 1, 933
-122.13313862500002, 37.703563541666675, 1, 934
-122.13831784999999, 37.70850814999999, 1, 935
-122.14632414285714, 37.7154875, 1, 936
-122.14202170000002, 37.69734705, 1, 937
-122.1682615, 37.71862228571428, 1, 938
-122.17416794444446, 37.72377461111111, 1, 939
-122.17808107142858, 37.72840157142857, 1, 940
-122.18415907692308, 37.73397938461538, 1, 941
-122.20718312068966, 37.73012153448276, 1, 942
-122.19088757575756, 37.713527242424234, 1, 943
-122.15790814285712, 37.69737104761904, 1, 944
-122.12627299999998, 37.671056470588226, 1, 945
-122.13142250000001, 37.68158960000001, 1, 946
-122.13779531818183, 37.66962622727272, 1, 947
-122.14736937037036, 37.67211566666666, 1, 948
-122.14032182758619, 37.68560137931034, 1, 949
-122.15568388235293, 37.68428317647059, 1, 950
-122.16986713157891, 37.68597078947368, 1, 951
-122.09381175, 37.63584558333333, 1, 952
-122.0895067142857, 37.627894071428564, 1, 953
-122.082884, 37.61957576470588, 1, 954
-122.1020932857143, 37.62953957142857, 1, 955
-122.11248918181822, 37.61121337500001, 1, 956
-122.11289564285714, 37.64211371428571, 1, 957
-122.10238025, 37.647451, 1, 958
-122.06685925000001, 37.59372325, 1, 959
-122.05365444444445, 37.571945444444445, 1, 960
-122.04713408333332, 37.56521258333333, 1, 961
-122.050945, 37.561699952380955, 1, 962
-122.03580175, 37.54974287499999, 1, 963
-122.04505414285714, 37.5430965, 1, 964
-122.05832625, 37.536210687499995, 1, 965
-122.05504532941178, 37.51140802352941, 1, 966
-122.00435530434784, 37.57138273913043, 1, 967
-122.0178575, 37.58084662500001, 1, 968
-122.01288176923075, 37.589721, 1, 969
-122.02295143749998, 37.6004994375, 1, 970
-121.9869075647059, 37.620904670588224, 1, 971
-122.02920018181818, 37.59005245454545, 1, 972
-122.01825252631579, 37.570302052631575, 1, 973
-121.9904949, 37.5590555, 1, 974
-121.96498595000003, 37.553632699999994, 1, 975
-121.9749147, 37.56371514999999, 1, 976
-121.95384392000004, 37.583871400000014, 1, 977
-121.98799799999999, 37.5779879375, 1, 978
-121.96233153333333, 37.52875360000001, 1, 979
-121.9048621190476, 37.52724247619047, 1, 980
-121.93364381578945, 37.56154539473685, 1, 981
-121.80277185267853, 37.57445489732145, 1, 982
-121.91955873333332, 37.483041533333335, 1, 983
-121.92448399999999, 37.49004266666667, 1, 984
-122.00856726119405, 37.48945045522388, 1, 985
-121.89817479999998, 37.441129533333324, 1, 986
-121.90507255555556, 37.43876933333334, 1, 987
-121.91235265, 37.437260550000005, 1, 988
-121.8761388, 37.42242326666666, 1, 989
-121.87103909090911, 37.40363181818182, 1, 990
-121.86619173333334, 37.39347879999999, 1, 991
-121.8548303, 37.3889928, 1, 992
-121.82758460810803, 37.412803999999994, 1, 993
-121.8498384117647, 37.38372364705882, 1, 994
-121.84458794999998, 37.37774555, 1, 995
-121.86603408333332, 37.33686341666667, 1, 996
-121.87579575, 37.330111, 1, 997
-121.88025614285714, 37.33302242857143, 1, 998
-121.87421953846157, 37.33871446153846, 1, 999
-121.87864207142857, 37.347625785714285, 1, 1000
-121.88055433333334, 37.354670733333336, 1, 1001
-121.89207852941178, 37.35918947058823, 1, 1002
-121.89234620588235, 37.37634167647059, 1, 1003
-121.89315027272728, 37.347300181818184, 1, 1004
-121.88936725, 37.34177433333333, 1, 1005
-121.88375666666666, 37.33503241666667, 1, 1006
-121.88686015789476, 37.323657684210524, 1, 1007
-121.8815286, 37.3160018, 1, 1008
-121.87424279999999, 37.30522259999999, 1, 1009
-121.87836376923079, 37.298620692307686, 1, 1010
-121.89398860869562, 37.30459752173913, 1, 1011
-121.89770883999999, 37.3161016, 1, 1012
-121.87355928125001, 37.285845906249996, 1, 1013
-121.88991087500001, 37.284316, 1, 1014
-121.89277764705882, 37.294415352941165, 1, 1015
-121.8867117368421, 37.27747494736842, 1, 1016
-121.8845117368421, 37.26819231578948, 1, 1017
-121.89850441176473, 37.26375047058824, 1, 1018
-121.90627926086958, 37.277824086956514, 1, 1019
-121.91598048387097, 37.273949967741935, 1, 1020
-121.92624774074073, 37.273401777777785, 1, 1021
-121.93861843333336, 37.27119966666667, 1, 1022
-121.90988181818184, 37.26031981818182, 1, 1023
-121.88662716666666, 37.25666138888889, 1, 1024
-121.88559699999999, 37.251225285714284, 1, 1025
-121.90265699999999, 37.24938108333333, 1, 1026
-121.91496064705882, 37.243266176470584, 1, 1027
-121.93771000000002, 37.24695111428571, 1, 1028
-121.94183662162165, 37.257928864864866, 1, 1029
-121.96742017647063, 37.24833473529411, 1, 1030
-121.97737955882354, 37.23788629411765, 1, 1031
-121.98847314736838, 37.21885761052632, 1, 1032
-121.93066529523809, 37.167329871428564, 1, 1033
-121.95546751960782, 37.21189556862745, 1, 1034
-121.95458879411765, 37.24192567647058, 1, 1035
-121.97021235294118, 37.26403152941177, 1, 1036
-121.98284748717947, 37.2551845897436, 1, 1037
-121.9838144, 37.2435457, 1, 1038
-121.97993825000003, 37.27066391666667, 1, 1039
-121.9870482307692, 37.279864153846155, 1, 1040
-122.00003109374997, 37.28218553125, 1, 1041
-122.00559282500004, 37.25950625, 1, 1042
-122.02215995652173, 37.274637956521744, 1, 1043
-122.05820250793651, 37.27207465079364, 1, 1044
-122.03077613793106, 37.236845689655176, 1, 1045
-122.01739483333331, 37.288621666666664, 1, 1046
-122.02938809999998, 37.30276415, 1, 1047
-122.01911075000004, 37.303686937500004, 1, 1048
-122.01080456250001, 37.315676875, 1, 1049
-122.0018094347826, 37.3163021304348, 1, 1050
-122.00413505263158, 37.330040157894736, 1, 1051
-122.02264938461538, 37.333038769230775, 1, 1052
-121.98395454999999, 37.3208348, 1, 1053
-121.98617850000001, 37.313894291666664, 1, 1054
-121.9721134375, 37.3127899375, 1, 1055
-121.95774352941174, 37.30841017647058, 1, 1056
-121.97476406249999, 37.30359775, 1, 1057
-121.96703511764706, 37.297425764705885, 1, 1058
-121.97069831578948, 37.28954494736841, 1, 1059
-121.98165882352941, 37.29198752941176, 1, 1060
-121.97107363636361, 37.281902090909085, 1, 1061
-121.96320163157895, 37.27610315789474, 1, 1062
-121.9558498125, 37.2844419375, 1, 1063
-121.95793688888891, 37.29809488888889, 1, 1064
-121.964162125, 37.319740875, 1, 1065
-121.946207, 37.31706890909091, 1, 1066
-121.931153375, 37.32198329166666, 1, 1067
-121.93568729166667, 37.30597345833334, 1, 1068
-121.94570311111111, 37.30246861111111, 1, 1069
-121.93950615625002, 37.2804211875, 1, 1070
-121.94943596296297, 37.275325851851846, 1, 1071
-121.92207329166668, 37.319244, 1, 1072
-121.90903166666668, 37.31779829166667, 1, 1073
-121.925143, 37.312952736842114, 1, 1074
-121.92186507142857, 37.30324328571428, 1, 1075
-121.92065445833333, 37.29856929166667, 1, 1076
-121.92698245454548, 37.28695972727272, 1, 1077
-121.91577004166669, 37.28987895833334, 1, 1078
-121.90948170588236, 37.300158470588244, 1, 1079
-121.90987053333333, 37.309024066666666, 1, 1080
-121.92766244444444, 37.32824407407407, 1, 1081
-121.9218815, 37.3407632, 1, 1082
-121.9347426, 37.347098900000006, 1, 1083
-121.94646250000001, 37.35101999999999, 1, 1084
-121.94363913513513, 37.3430590810811, 1, 1085
-121.91484853846154, 37.33232607692308, 1, 1086
-121.90667855555554, 37.3404527037037, 1, 1087
-121.90246510000001, 37.34767955000001, 1, 1088
-121.92441260606061, 37.365579696969704, 1, 1089
-121.94154277777777, 37.333245944444435, 1, 1090
-121.95629408333333, 37.33032441666666, 1, 1091
-121.961754, 37.33805500000001, 1, 1092
-121.96133244444445, 37.346420333333334, 1, 1093
-121.97416618181818, 37.346399999999996, 1, 1094
-121.97197137500001, 37.33103125, 1, 1095
-121.98621583333332, 37.32715955555555, 1, 1096
-121.98438704347825, 37.33405560869564, 1, 1097
-121.98602281818181, 37.342217363636365, 1, 1098
-121.98734327777778, 37.34824122222223, 1, 1099
-121.99132976470588, 37.360982941176474, 1, 1100
-121.98230477777777, 37.36062572222222, 1, 1101
-121.97269593750002, 37.361274312499994, 1, 1102
-121.96456866666666, 37.3595505, 1, 1103
-121.95901576923075, 37.3653324102564, 1, 1104
-121.9996343076923, 37.35485592307692, 1, 1105
-122.00258799999999, 37.361297086956526, 1, 1106
-121.98809678260866, 37.36831991304347, 1, 1107
-122.00807295833334, 37.369312958333346, 1, 1108
-122.010273, 37.35863281249999, 1, 1109
-122.00619522580645, 37.34640154838709, 1, 1110
-122.00996673333333, 37.301835133333334, 1, 1111
-122.00237054545455, 37.299402727272714, 1, 1112
-121.99187074999999, 37.30176360714287, 1, 1113
-122.02222957894737, 37.31491542105264, 1, 1114
-122.03724215789477, 37.303176578947365, 1, 1115
-122.03831993333331, 37.31143133333333, 1, 1116
-122.05513821875002, 37.3212436875, 1, 1117
-122.06385252000001, 37.29799206, 1, 1118
-122.05556475510198, 37.334643530612254, 1, 1119
-122.04457539999999, 37.32974726666667, 1, 1120
-122.08049966666665, 37.339381333333336, 1, 1121
-122.09853716666663, 37.35385625, 1, 1122
-122.11332814950173, 37.303928119601345, 1, 1123
-122.12959659574469, 37.35356171276595, 1, 1124
-122.12615763793104, 37.376257551724144, 1, 1125
-122.13216495454544, 37.40927809090909, 1, 1126
-122.12770725000001, 37.416767333333325, 1, 1127
-122.07534780597017, 37.3144056119403, 1, 1128
-122.05831833333332, 37.343072875, 1, 1129
-122.04523621428572, 37.34386857142857, 1, 1130
-122.03675211764708, 37.34383070588235, 1, 1131
-122.02603813043478, 37.34401947826087, 1, 1132
-122.01736972727271, 37.34439713636364, 1, 1133
-122.04158679999999, 37.35553526666667, 1, 1134
-122.04131733333334, 37.364942000000006, 1, 1135
-122.02299647826086, 37.35561813043478, 1, 1136
-122.02032961111111, 37.362053277777775, 1, 1137
-122.07661683870971, 37.35924977419356, 1, 1138
-122.070514, 37.34550584210526, 1, 1139
-122.057058, 37.362652680000004, 1, 1140
-122.07208267999997, 37.36961564, 1, 1141
-122.07427678571428, 37.38613928571429, 1, 1142
-122.07977253333333, 37.389866600000005, 1, 1143
-122.06121399999998, 37.37945427272728, 1, 1144
-122.06004004, 37.390950360000005, 1, 1145
-122.05691342307692, 37.39898246153846, 1, 1146
-122.05465086666666, 37.41727959999999, 1, 1147
-122.02190424999999, 37.40154075, 1, 1148
-122.02221733333333, 37.39115183333334, 1, 1149
-122.02538439999998, 37.385589499999995, 1, 1150
-122.00636167647059, 37.380537058823535, 1, 1151
-122.00444380000002, 37.401960349999996, 1, 1152
-122.00485658333332, 37.396125833333336, 1, 1153
-122.00458173333332, 37.39069080000001, 1, 1154
-121.99195038888888, 37.400812722222234, 1, 1155
-121.96518942857142, 37.40068114285714, 1, 1156
-121.94835115789472, 37.38460410526316, 1, 1157
-121.92335317777777, 37.39091277777777, 1, 1158
-121.951006, 37.39727353846153, 1, 1159
-121.94520595454546, 37.4061709090909, 1, 1160
-121.94520988888888, 37.41438644444444, 1, 1161
-121.98162151315792, 37.44151667105264, 1, 1162
-122.0751493888889, 37.401045555555555, 1, 1163
-122.08340123529412, 37.40553, 1, 1164
-122.09666634999999, 37.41760035, 1, 1165
-122.10920729411767, 37.42621323529413, 1, 1166
-122.09244233333332, 37.406181249999996, 1, 1167
-122.10147425, 37.410095125, 1, 1168
-122.11107838461538, 37.414879923076924, 1, 1169
-122.11577087500001, 37.4065385, 1, 1170
-122.12145134482758, 37.392659758620695, 1, 1171
-122.11592258333333, 37.37528987499999, 1, 1172
-122.10099908333333, 37.371683527777776, 1, 1173
-122.11882757142857, 37.42016807142857, 1, 1174
-122.13027735714289, 37.426312571428575, 1, 1175
-122.144917, 37.435476599999994, 1, 1176
-122.15582666666667, 37.443327583333335, 1, 1177
-122.16333482352944, 37.44906770588236, 1, 1178
-122.12305139999998, 37.4376682, 1, 1179
-122.13349295238098, 37.44663666666666, 1, 1180
-122.09144101851854, 37.43732059259259, 1, 1181
-122.12836293548385, 37.4637643548387, 1, 1182
-122.14270576000001, 37.45799576, 1, 1183
-122.14960039285715, 37.45219042857143, 1, 1184
-122.14601352380954, 37.46702666666667, 1, 1185
-122.16575510869563, 37.4877005, 1, 1186
-122.1899282142857, 37.481859571428565, 1, 1187
-122.19523709999999, 37.474809, 1, 1188
-122.20847217857143, 37.47988310714286, 1, 1189
-122.21049657894737, 37.47226242105263, 1, 1190
-122.2194057368421, 37.469584947368425, 1, 1191
-122.22584546666666, 37.471371466666675, 1, 1192
-122.22423755000003, 37.4792989, 1, 1193
-122.23273952000004, 37.47633499999999, 1, 1194
-122.24217211111112, 37.48451822222221, 1, 1195
-122.25295468750002, 37.489783, 1, 1196
-122.25785407142857, 37.4984025, 1, 1197
-122.26722192857143, 37.50716707142857, 1, 1198
-122.27974908333333, 37.51372516666667, 1, 1199
-122.28763550000002, 37.52045829166667, 1, 1200
-122.24861877142855, 37.4802314, 1, 1201
-122.25310955319148, 37.47172661702129, 1, 1202
-122.24088449999999, 37.493960785714286, 1, 1203
-122.23059463636365, 37.48939690909091, 1, 1204
-122.24040628571427, 37.554221142857145, 1, 1205
-122.21372232000002, 37.483866240000005, 1, 1206
-122.25537966666664, 37.51076554761905, 1, 1207
-122.27306369696969, 37.52642751515151, 1, 1208
-122.28414562962963, 37.54571985185185, 1, 1209
-122.29337772727271, 37.561899090909094, 1, 1210
-122.30337707692307, 37.56585246153847, 1, 1211
-122.30311036, 37.57022059999999, 1, 1212
-122.29393350000001, 37.57257337499999, 1, 1213
-122.343335, 37.58499985000001, 1, 1214
-122.37126871428572, 37.59200490476191, 1, 1215
-122.39393493548386, 37.60722035483871, 1, 1216
-122.33179493749999, 37.5813754375, 1, 1217
-122.3219542222222, 37.57283005555555, 1, 1218
-122.31991478260868, 37.565378739130445, 1, 1219
-122.32638507692306, 37.56242953846154, 1, 1220
-122.33017634782613, 37.55320491304348, 1, 1221
-122.31778173333335, 37.5525686, 1, 1222
-122.31371425000002, 37.5441923125, 1, 1223
-122.32411053571427, 37.54025478571428, 1, 1224
-122.33877953191488, 37.528459808510625, 1, 1225
-122.32321782051281, 37.523230589743584, 1, 1226
-122.30320478723405, 37.50376476595744, 1, 1227
-122.34531924137931, 37.52300162068966, 1, 1228
-122.34689873015874, 37.54570826984126, 1, 1229
-122.37271778846151, 37.56675617307693, 1, 1230
-122.36461977777779, 37.58138705555555, 1, 1231
-122.37934129032257, 37.58159735483871, 1, 1232
-122.34970570588233, 37.57666029411765, 1, 1233
-122.34493966666668, 37.567675400000006, 1, 1234
-122.33536107142858, 37.57221514285715, 1, 1235
-122.41560462878786, 37.53593200000001, 1, 1236
-122.38767712903227, 37.579457725806456, 1, 1237
-122.39912345454545, 37.589201090909086, 1, 1238
-122.398601, 37.599352117647065, 1, 1239
-122.40664974999999, 37.59398720833334, 1, 1240
-122.41873099999998, 37.601238153846154, 1, 1241
-122.41569285714283, 37.61281585714286, 1, 1242
-122.42191492857144, 37.6224175, 1, 1243
-122.428483, 37.61964137499999, 1, 1244
-122.43387864000002, 37.61774367999998, 1, 1245
-122.42530822727275, 37.63380581818183, 1, 1246
-122.40644822222224, 37.62803318518518, 1, 1247
-122.40988516666664, 37.623597624999995, 1, 1248
-122.3847594347826, 37.62079926086956, 1, 1249
-122.44968063636365, 37.6337825, 1, 1250
-122.45172271428568, 37.63956571428572, 1, 1251
-122.46059443478262, 37.64654917391304, 1, 1252
-122.43781821052632, 37.64513531578947, 1, 1253
-122.44696566666664, 37.655691875, 1, 1254
-122.46084770370369, 37.655670037037034, 1, 1255
-122.4697840909091, 37.66954086363637, 1, 1256
-122.47862652380952, 37.669025999999995, 1, 1257
-122.48529736842104, 37.67508352631579, 1, 1258
-122.49114293939391, 37.67702869696971, 1, 1259
-122.48378761290321, 37.65869377419355, 1, 1260
-122.48865107692306, 37.65298411538461, 1, 1261
-122.48441503448277, 37.635699344827586, 1, 1262
-122.4822178297872, 37.618121531914895, 1, 1263
-122.48681712698414, 37.58269379365079, 1, 1264
-122.46718079629633, 37.59243498148147, 1, 1265
-122.50319604999997, 37.590025633333326, 1, 1266
-122.49431375824176, 37.54179371428571, 1, 1267
-122.46494484, 37.523413773333345, 1, 1268
-122.49114293939391, 37.67702869696971, 1, 1269
-122.48824113043476, 37.69091673913044, 1, 1270
-122.47880765217394, 37.68215986956522, 1, 1271
-122.4788583478261, 37.69249560869566, 1, 1272
-122.46668247058824, 37.69825588235294, 1, 1273
-122.47963768421053, 37.70019531578947, 1, 1274
-122.48589955555556, 37.7035453888889, 1, 1275
-122.46749784210526, 37.71344421052632, 1, 1276
-122.45429271428573, 37.71159999999999, 1, 1277
-122.45672795454547, 37.71513240909091, 1, 1278
-122.44282744444445, 37.71948722222222, 1, 1279
-122.44506639130435, 37.72967595652174, 1, 1280
-122.43619792307689, 37.72828523076923, 1, 1281
-122.42353866666666, 37.72887385714286, 1, 1282
-122.41251115789476, 37.732273842105265, 1, 1283
-122.4079907894737, 37.74417431578948, 1, 1284
-122.39881237500002, 37.75388649999999, 1, 1285
-122.40624614285716, 37.759216499999994, 1, 1286
-122.4024515, 37.761446166666666, 1, 1287
-122.41296383333332, 37.76879355555556, 1, 1288
-122.42035738461536, 37.769629769230775, 1, 1289
-122.42468157142856, 37.768213, 1, 1290
-122.40385958823529, 37.77372347058823, 1, 1291
-122.40654918181818, 37.75195127272727, 1, 1292
-122.41074666666665, 37.75142555555556, 1, 1293
-122.41396200000001, 37.75127866666666, 1, 1294
-122.4122873, 37.75582479999999, 1, 1295
-122.41380349999999, 37.76112391666667, 1, 1296
-122.41915330769231, 37.75949553846154, 1, 1297
-122.42377527272728, 37.759373545454544, 1, 1298
-122.41446817391302, 37.74389213043478, 1, 1299
-122.41884216666669, 37.75227316666666, 1, 1300
-122.3956316, 37.7627099, 1, 1301
-122.38790210526315, 37.76054794736843, 1, 1302
-122.3938614347826, 37.772664130434784, 1, 1303
-122.405269625, 37.728424437499996, 1, 1304
-122.40224936363637, 37.72150281818182, 1, 1305
-122.39829349999998, 37.72475441666666, 1, 1306
-122.38964908333332, 37.72138933333333, 1, 1307
-122.40341931578948, 37.71648357894736, 1, 1308
-122.39369562962962, 37.71333444444445, 1, 1309
-122.41642823809525, 37.68748682539683, 1, 1310
-122.40696737500002, 37.65050191666668, 1, 1311
-122.40207273333334, 37.73425666666667, 1, 1312
-122.3904751785714, 37.744490071428565, 1, 1313
-122.39613608333336, 37.73247191666666, 1, 1314
-122.3908712352941, 37.73691482352941, 1, 1315
-122.38722722222221, 37.72773877777778, 1, 1316
-122.38392741176473, 37.73397505882353, 1, 1317
-122.37610630952378, 37.73504938095237, 1, 1318
-122.37532025, 37.7249683, 1, 1319
-122.4130164375, 37.736802437499996, 1, 1320
-122.420209, 37.73419255, 1, 1321
-122.421551, 37.737591, 1, 1322
-122.4206835263158, 37.74363178947368, 1, 1323
-122.42661300000002, 37.745522083333334, 1, 1324
-122.42309915384614, 37.75153461538462, 1, 1325
-122.42940772727273, 37.74938672727273, 1, 1326
-122.43042475, 37.75426508333333, 1, 1327
-122.43826818181816, 37.753339454545454, 1, 1328
-122.43986592857141, 37.74840771428571, 1, 1329
-122.44520755172414, 37.75230696551724, 1, 1330
-122.4384640952381, 37.745335476190476, 1, 1331
-122.44006139999998, 37.74062223333335, 1, 1332
-122.45677954545454, 37.743491818181816, 1, 1333
-122.45238517857145, 37.75142425, 1, 1334
-122.466901, 37.74833179166667, 1, 1335
-122.46654279166665, 37.739172, 1, 1336
-122.47017734999997, 37.752123600000004, 1, 1337
-122.48215423076921, 37.75269576923077, 1, 1338
-122.4836690625, 37.760129125, 1, 1339
-122.4917394, 37.76044233333334, 1, 1340
-122.49948764999999, 37.75706705, 1, 1341
-122.50655255555554, 37.761670111111115, 1, 1342
-122.50658273333332, 37.75623953333333, 1, 1343
-122.491327, 37.753211199999996, 1, 1344
-122.49062809090907, 37.746474, 1, 1345
-122.48079969999999, 37.762484, 1, 1346
-122.4741668888889, 37.763094555555554, 1, 1347
-122.4678544, 37.763049699999996, 1, 1348
-122.46956509523804, 37.75608747619047, 1, 1349
-122.48054275000003, 37.74688991666667, 1, 1350
-122.45024472000001, 37.738102479999995, 1, 1351
-122.43128300000001, 37.759646214285716, 1, 1352
-122.43687969230768, 37.75976346153846, 1, 1353
-122.44405415789473, 37.7589932631579, 1, 1354
-122.44063088235295, 37.764784294117646, 1, 1355
-122.43144775, 37.767885916666664, 1, 1356
-122.42995276923077, 37.765155846153846, 1, 1357
-122.43895645, 37.769557199999994, 1, 1358
-122.43797588888889, 37.77486511111111, 1, 1359
-122.42973655555554, 37.776021333333325, 1, 1360
-122.43870570000001, 37.778322, 1, 1361
-122.43822723076923, 37.781426846153856, 1, 1362
-122.43508542857144, 37.785085428571435, 1, 1363
-122.42955222222223, 37.783446888888896, 1, 1364
-122.42914084615383, 37.77977469230769, 1, 1365
-122.42257944444447, 37.783096444444446, 1, 1366
-122.42331733333333, 37.78745275, 1, 1367
-122.41987514285714, 37.78546657142857, 1, 1368
-122.416533, 37.785702625, 1, 1369
-122.41580680000001, 37.783143900000006, 1, 1370
-122.41814123529412, 37.77965223529412, 1, 1371
-122.41284937500001, 37.784141, 1, 1372
-122.41194780000001, 37.7857339, 1, 1373
-122.41221010000001, 37.7870404, 1, 1374
-122.41280455555554, 37.7886901111111, 1, 1375
-122.41103384615386, 37.783069230769236, 1, 1376
-122.41090936842104, 37.779699473684204, 1, 1377
-122.40853715384614, 37.776950769230766, 1, 1378
-122.40182349999999, 37.782115625, 1, 1379
-122.39369628571426, 37.78728919047619, 1, 1380
-122.330981, 37.78442025, 1, 1381
-122.418912, 37.787914375, 1, 1382
-122.41942518181818, 37.790887, 1, 1383
-122.4141762857143, 37.79057514285714, 1, 1384
-122.40991622222221, 37.791086777777785, 1, 1385
-122.41344181818182, 37.79317745454546, 1, 1386
-122.4095359, 37.7946578, 1, 1387
-122.40619483333334, 37.79350433333334, 1, 1388
-122.40492925, 37.7903160625, 1, 1389
-122.4050811, 37.795679099999994, 1, 1390
-122.39929405000001, 37.7996886, 1, 1391
-122.42707663636362, 37.792539000000005, 1, 1392
-122.4244947, 37.79415229999999, 1, 1393
-122.43182507142856, 37.797350928571426, 1, 1394
-122.43140021428573, 37.80048214285715, 1, 1395
-122.42765071428572, 37.802183, 1, 1396
-122.43170375, 37.806827625000004, 1, 1397
-122.42286384210529, 37.805269263157896, 1, 1398
-122.41599861538461, 37.802103076923075, 1, 1399
-122.41107257142855, 37.806528642857145, 1, 1400
-122.43979, 37.80245875, 1, 1401
-122.44185066666667, 37.79771525, 1, 1402
-122.44477058333335, 37.80364341666667, 1, 1403
-122.42002972727273, 37.79475145454546, 1, 1404
-122.41483527272727, 37.79627881818182, 1, 1405
-122.41021450000001, 37.7991445, 1, 1406
-122.40711864285716, 37.79962257142858, 1, 1407
-122.40797505882352, 37.80228876470588, 1, 1408
-122.4207440909091, 37.79836090909091, 1, 1409
-122.43102988888889, 37.78797755555556, 1, 1410
-122.43332677777776, 37.791008222222224, 1, 1411
-122.44162885714285, 37.78975085714285, 1, 1412
-122.43984870000001, 37.7867919, 1, 1413
-122.4506532352941, 37.784394176470585, 1, 1414
-122.44748017647059, 37.77854423529412, 1, 1415
-122.45648966666668, 37.77849244444444, 1, 1416
-122.46152255555555, 37.77779111111112, 1, 1417
-122.46172409090909, 37.785577727272724, 1, 1418
-122.46849215384614, 37.77737638461539, 1, 1419
-122.47609366666666, 37.777350083333324, 1, 1420
-122.47583366666666, 37.78367677777778, 1, 1421
-122.46923484615385, 37.78456730769231, 1, 1422
-122.4857553125, 37.7867209375, 1, 1423
-122.464495, 37.795349692307695, 1, 1424
-122.5923696080403, 37.923600658291456, 1, 1425
-122.48751886111108, 37.85082019444445, 1, 1426
-122.51287340909093, 37.870147772727265, 1, 1427
-122.53025960465119, 37.8709656860465, 1, 1428
-122.5482637631579, 37.89476132894737, 1, 1429
-122.52247439393939, 37.90155884848483, 1, 1430
-122.5075701764706, 37.89363747058823, 1, 1431
-122.49238075000002, 37.90656482692308, 1, 1432
-122.43112584615382, 37.86226833333334, 1, 1433
-122.46367465384618, 37.87454846153846, 1, 1434
-122.54122382456141, 37.912869263157894, 1, 1435
-122.55981695081968, 37.909511442622936, 1, 1436
-122.5242044, 37.925107175, 1, 1437
-122.53577038983053, 37.93646877966102, 1, 1438
-122.52208724137931, 37.950875310344834, 1, 1439
-122.53065720000001, 37.945495959999995, 1, 1440
-122.55000263013697, 37.947868821917815, 1, 1441
-122.56504969491523, 37.96389622033899, 1, 1442
-122.5224063703704, 37.960346370370374, 1, 1443
-122.50142135897437, 37.960071717948715, 1, 1444
-122.50689300000002, 37.966734062499995, 1, 1445
-122.5372308787879, 37.96994781818182, 1, 1446
-122.5502863333333, 37.9841916060606, 1, 1447
-122.56542743589746, 37.974719153846145, 1, 1448
-122.57567880769233, 37.978388846153834, 1, 1449
-122.58552483333334, 38.005221516666666, 1, 1450
-122.60219666666666, 38.0063881875, 1, 1451
-122.67223882733816, 38.01553251798562, 1, 1452
-122.5933186868687, 37.972497000000004, 1, 1453
-122.53225995238095, 37.98241657142858, 1, 1454
-122.50764515217391, 37.981922043478264, 1, 1455
-122.48020005128204, 37.98443192307691, 1, 1456
-122.54804533333332, 37.99870833333333, 1, 1457
-122.56400164285714, 38.01779178571429, 1, 1458
-122.52091468749997, 38.02771539583332, 1, 1459
-122.58979018571429, 38.03537061428571, 1, 1460
-122.56639285000003, 38.0627971, 1, 1461
-122.56099109302328, 38.07784951162791, 1, 1462
-122.56067866666667, 38.08991852380953, 1, 1463
-122.57202662500002, 38.11057808333333, 1, 1464
-122.58685884313726, 38.13072429411765, 1, 1465
-122.59090168965517, 38.11587741379309, 1, 1466
-122.64492103896102, 38.116290376623375, 1, 1467
-122.58445992000003, 38.09718464000001, 1, 1468
-122.54025896774192, 38.10485312903226, 1, 1469
-122.54215751200002, 38.13594806400001, 1, 1470
-122.74332617821793, 38.142736873762374, 1, 1471
-122.54534531698114, 38.218784641509465, 1, 1472
-122.63051184126982, 38.20245761904761, 1, 1473
-122.59061477777777, 38.2394685, 1, 1474
-122.60884115384617, 38.24451361538461, 1, 1475
-122.61485186666665, 38.238522800000005, 1, 1476
-122.61891066666665, 38.25354376666666, 1, 1477
-122.64497177272729, 38.26187654545455, 1, 1478
-122.6473045952381, 38.27419766666666, 1, 1479
-122.70315261643839, 38.31487776712328, 1, 1480
-122.70706367741938, 38.32112983870966, 1, 1481
-122.70732417647059, 38.341911235294106, 1, 1482
-122.69918382608695, 38.3574852173913, 1, 1483
-122.70095422727272, 38.36810200000001, 1, 1484
-122.70757010526313, 38.403855, 1, 1485
-122.68599361403511, 38.406502350877204, 1, 1486
-122.65934482524271, 38.39421827184465, 1, 1487
-122.66949316000002, 38.43518196, 1, 1488
-122.66560698333335, 38.450864566666674, 1, 1489
-122.69127684848488, 38.44372069696969, 1, 1490
-122.62467901000004, 38.41441268999998, 1, 1491
-122.53785695813951, 38.3860332976744, 1, 1492
-122.70897749999999, 38.435239857142854, 1, 1493
-122.71259693750001, 38.4416330625, 1, 1494
-122.70674450000001, 38.448416200000004, 1, 1495
-122.69754763636367, 38.46041120454545, 1, 1496
-122.70114241836741, 38.47962734693878, 1, 1497
-122.67479497619044, 38.46926561904762, 1, 1498
-122.65597879545453, 38.46363549999999, 1, 1499
-122.6427788497409, 38.51844623834197, 1, 1500
-122.55629496026495, 38.46731523178808, 1, 1501
-122.59876160360353, 38.421796090090105, 1, 1502
-122.6641585, 38.478139529411756, 1, 1503
-122.7124862777778, 38.45816988888889, 1, 1504
-122.7235551904762, 38.46005042857143, 1, 1505
-122.73826215, 38.45201575, 1, 1506
-122.73750430434782, 38.46703491304348, 1, 1507
-122.74810288888891, 38.47985407407408, 1, 1508
-122.77552089189187, 38.4981601891892, 1, 1509
-122.74756484146343, 38.531245365853664, 1, 1510
-122.78061173076925, 38.53348546153846, 1, 1511
-122.80882572222224, 38.54557066666666, 1, 1512
-122.81162375000002, 38.5548665, 1, 1513
-122.80197538888888, 38.55273911111111, 1, 1514
-122.74160143283585, 38.57965508208954, 1, 1515
-122.8267535642857, 38.6161483, 1, 1516
-122.86523788235296, 38.61094152941176, 1, 1517
-122.97333605737701, 38.61405285519127, 1, 1518
-122.80986716883118, 38.707893363636366, 1, 1519
-123.0167705046729, 38.809441990654186, 1, 1520
-123.09819497235014, 38.76923599539172, 1, 1521
-122.85668285714286, 38.620392257142875, 1, 1522
-122.85467616521738, 38.52325373913041, 1, 1523
-122.76041806666667, 38.470384066666675, 1, 1524
-122.80349696825402, 38.47462157142857, 1, 1525
-122.75879885185185, 38.461561740740734, 1, 1526
-122.74924360869566, 38.457171565217386, 1, 1527
-122.7581314516129, 38.440775225806455, 1, 1528
-122.72136236363639, 38.42072422727273, 1, 1529
-122.73425404166666, 38.418664625, 1, 1530
-122.77529661249994, 38.39057985, 1, 1531
-122.79920481967211, 38.430582557377065, 1, 1532
-122.72644706666667, 38.427031033333336, 1, 1533
-122.7342677272727, 38.43485675757576, 1, 1534
-122.73177503703702, 38.43916903703703, 1, 1535
-122.72491729032257, 38.391410677419344, 1, 1536
-122.69431909090909, 38.347976363636356, 1, 1537
-122.6848726190476, 38.33849719047619, 1, 1538
-122.6816646, 38.32729529999999, 1, 1539
-122.6301370241935, 38.34434347580645, 1, 1540
-122.69556195833333, 38.32308333333333, 1, 1541
-122.70156964999998, 38.3339765, 1, 1542
-122.79467546808505, 38.34004272340425, 1, 1543
-122.80177862162162, 38.383818135135144, 1, 1544
-122.82878360526317, 38.38434784210527, 1, 1545
-122.88118723200004, 38.34348760000001, 1, 1546
-122.88173123684204, 38.417892578947374, 1, 1547
-122.98773661666665, 38.377329191666654, 1, 1548
-122.88173123684204, 38.417892578947374, 1, 1549
-122.90567709859154, 38.47811404225351, 1, 1550
-122.91184650990094, 38.51309361881191, 1, 1551
-123.00369389071037, 38.531123234972654, 1, 1552
-123.01252708035716, 38.478044508928555, 1, 1553
-122.90567709859154, 38.47811404225351, 1, 1554
-122.84092882692305, 38.411889076923075, 1, 1555
-122.67212741666664, 38.25175203333334, 1, 1556
-122.73503541111107, 38.26313230000001, 1, 1557
-122.65459022857142, 38.243310171428575, 1, 1558
-122.64754334615385, 38.250080499999996, 1, 1559
-122.62959843243246, 38.23135508108109, 1, 1560
-122.66613739344258, 38.20938457377048, 1, 1561
-122.64120731034483, 38.26588148275861, 1, 1562
-122.64497177272729, 38.26187654545455, 1, 1563
-122.49404699999998, 38.04868366666667, 1, 1564
-122.518935, 38.05528620930233, 1, 1565
-122.49640700000002, 38.00364025423729, 1, 1566
-122.50163953703706, 37.9303586111111, 1, 1567
-122.50005054285715, 37.866830199999995, 1, 1568
-122.48141818181817, 37.78285772727273, 1, 1569
-122.48878553846151, 37.782561923076926, 1, 1570
-122.4841973, 37.7786262, 1, 1571
-122.48398233333334, 37.774659777777785, 1, 1572
-122.49276457142857, 37.77648428571428, 1, 1573
-122.49662346666668, 37.77703206666667, 1, 1574
-122.50467266666665, 37.77955183333333, 1, 1575
-122.50285357142856, 37.78320407142858, 1, 1576
-122.50720727777778, 37.77704333333334, 1, 1577
-122.44825300000001, 37.77437275, 1, 1578
-122.45180721428572, 37.7887015, 1, 1579
-122.43854226666666, 37.793850533333334, 1, 1580
-122.42928072727274, 37.771806454545455, 1, 1581
-122.42532078571426, 37.773490571428574, 1, 1582
-122.4237321818182, 37.777480545454544, 1, 1583
-122.44604070588235, 37.76520676470588, 1, 1584
-122.45076592857141, 37.765472357142855, 1, 1585
-122.4598342777778, 37.76383383333333, 1, 1586
-122.45589481481484, 37.75852948148148, 1, 1587
-122.44759590909092, 37.770458454545455, 1, 1588
-122.47302060975609, 37.76980519512194, 1, 1589
-122.42986704999998, 37.7373654, 1, 1590
-122.42756299999998, 37.726385416666666, 1, 1591
-122.43235161538465, 37.7232913076923, 1, 1592
-122.429021, 37.719909384615384, 1, 1593
-122.43602309090907, 37.71813854545454, 1, 1594
-122.43959319999999, 37.71386426666666, 1, 1595
-122.43207708695651, 37.711327826086944, 1, 1596
-122.41849389655171, 37.71730817241378, 1, 1597
-122.42081814285714, 37.71050514285714, 1, 1598
-122.41638763636364, 37.70942645454546, 1, 1599
-122.41239158333332, 37.71313991666666, 1, 1600
-122.40631713333336, 37.7114098, 1, 1601
-122.415295, 37.70442836363637, 1, 1602
-122.41054242105264, 37.722696052631576, 1, 1603
-122.4533606923077, 37.71921615384615, 1, 1604
-122.45711326666667, 37.722086000000004, 1, 1605
-122.45802185000002, 37.7284793, 1, 1606
-122.44458915789471, 37.70968110526315, 1, 1607
-122.44502810526316, 37.705300842105274, 1, 1608
-122.43443041025643, 37.702917538461556, 1, 1609
-122.45298866666667, 37.70503506666667, 1, 1610
-122.45616083333333, 37.69753203333333, 1, 1611
-122.46241076923077, 37.70482249999999, 1, 1612
-122.47835947058823, 37.71668064705882, 1, 1613
-122.49176833333337, 37.725047296296296, 1, 1614
-122.479755125, 37.7193140625, 1, 1615
-122.48094628571428, 37.72743292857143, 1, 1616
-122.48704271428572, 37.73213933333333, 1, 1617
-122.48534052941174, 37.73789076470588, 1, 1618
-122.49749923809527, 37.74246166666667, 1, 1619
-122.50479538461536, 37.742047615384614, 1, 1620
-122.4685072857143, 37.71921485714285, 1, 1621
-122.46799457142856, 37.727220535714295, 1, 1622
-122.46566652, 37.687703840000005, 1, 1623
-122.47072279999998, 37.657554450000006, 1, 1624
-122.47701734482756, 37.65096872413793, 1, 1625
-122.45558066666665, 37.66267342857143, 1, 1626
-122.44994391666665, 37.67626838888889, 1, 1627
-122.44114864705882, 37.66268814705881, 1, 1628
-122.43493759999998, 37.666381200000004, 1, 1629
-122.41967828205128, 37.669137871794874, 1, 1630
-122.40702833333336, 37.66195233333334, 1, 1631
-122.41850842105264, 37.656618894736845, 1, 1632
-122.45958964000003, 37.62756216, 1, 1633
-122.41061737931037, 37.60695127586208, 1, 1634
-122.36013135151514, 37.4462464, 1, 1635
-122.31130975862071, 37.51692206896552, 1, 1636
-122.30562104761906, 37.52795495238096, 1, 1637
-122.29911470000002, 37.532926999999994, 1, 1638
-122.31206080952383, 37.53281223809524, 1, 1639
-122.28153816326534, 37.48374302040816, 1, 1640
-122.26905459493673, 37.46324553164556, 1, 1641
-122.27800266666664, 37.408732765957446, 1, 1642
-122.29493136595745, 37.326955374468085, 1, 1643
-122.25658306944443, 37.44516029166667, 1, 1644
-122.21562293333331, 37.445103577777765, 1, 1645
-122.2768195, 37.48870333333333, 1, 1646
-122.26377849999999, 37.49581013636364, 1, 1647
-122.2831828615384, 37.497464984615384, 1, 1648
-122.2785938958334, 37.501762479166665, 1, 1649
-122.28860154838705, 37.562597483870974, 1, 1650
-122.2761241081081, 37.55867243243244, 1, 1651
-122.258198875, 37.5648879375, 1, 1652
-122.25185486363638, 37.55815749999999, 1, 1653
-122.25947199999997, 37.551834666666664, 1, 1654
-122.26677911764703, 37.54901752941177, 1, 1655
-122.26287984374999, 37.5414653125, 1, 1656
-122.26955646153846, 37.54239696153846, 1, 1657
-122.26184825000001, 37.56155391666667, 1, 1658
-122.30933843749997, 37.5582413125, 1, 1659
-122.29957584210524, 37.546162, 1, 1660
-122.25615402857144, 37.52804725714285, 1, 1661
-122.24142412903224, 37.53984703225806, 1, 1662
-122.28288857142857, 37.531709142857146, 1, 1663
-122.28962577777777, 37.5361905, 1, 1664
-122.23450846428572, 37.46768514285714, 1, 1665
-122.22529319230767, 37.45399473076923, 1, 1666
-122.23407369230769, 37.45642992307692, 1, 1667
-122.25462772, 37.459450059999995, 1, 1668
-122.18663094444449, 37.46675405555556, 1, 1669
-122.18016733333332, 37.45698529166666, 1, 1670
-122.18218993333332, 37.44815759999999, 1, 1671
-122.18608226315791, 37.44370142105263, 1, 1672
-122.19416111111114, 37.43507125925926, 1, 1673
-122.20353747826086, 37.43137245652174, 1, 1674
-122.20500733333337, 37.42360383333334, 1, 1675
-122.21623821551718, 37.376925560344844, 1, 1676
-122.16420924528299, 37.408178886792456, 1, 1677
-122.17446256666668, 37.4385622, 1, 1678
-122.1759822222222, 37.42968588888888, 1, 1679
-122.16490035, 37.42808229999999, 1, 1680
-122.15809074999999, 37.422516624999986, 1, 1681
-122.17007766666667, 37.47363677777777, 1, 1682
-122.16056816000003, 37.4618162, 1, 1683
-122.12949684090913, 37.476850818181816, 1, 1684
-122.04281532, 37.39076643999999, 1, 1685
-122.0570026, 37.379046900000006, 1, 1686
-122.05087991666669, 37.378710999999996, 1, 1687
-122.04082427272729, 37.375710999999995, 1, 1688
-122.03083792307694, 37.37289823076923, 1, 1689
-122.08350014285713, 37.37867992857144, 1, 1690
-122.09450117142858, 37.383972542857144, 1, 1691
-122.09053092307694, 37.39406323076923, 1, 1692
-122.09752166666665, 37.39744291666667, 1, 1693
-122.10644507692308, 37.40199553846154, 1, 1694
-122.10613305263156, 37.39218868421053, 1, 1695
-122.08618657894738, 37.36900252631579, 1, 1696
-121.93771000000002, 37.24695111428571, 1, 1697
-121.93472007407408, 37.240193851851856, 1, 1698
-121.93595892753618, 37.227257246376816, 1, 1699
-121.89593612500003, 37.235652083333335, 1, 1700
-121.8912234090909, 37.22828690909092, 1, 1701
-121.869781174312, 37.1988455412844, 1, 1702
-121.83411196296294, 37.2050757037037, 1, 1703
-121.86899664516126, 37.21183906451613, 1, 1704
-121.85637947058825, 37.21337205882353, 1, 1705
-121.8771910909091, 37.23022381818183, 1, 1706
-121.88444072727275, 37.24417740909091, 1, 1707
-121.92318551851852, 37.25619085185185, 1, 1708
-121.86768570000001, 37.269536800000004, 1, 1709
-121.85239360000001, 37.26174533333333, 1, 1710
-121.8373722352941, 37.25770135294118, 1, 1711
-121.82362808333335, 37.255134500000004, 1, 1712
-121.86880038888889, 37.26051616666666, 1, 1713
-121.85893380952378, 37.25295, 1, 1714
-121.85435973333334, 37.27784506666668, 1, 1715
-121.86115902857144, 37.28907028571429, 1, 1716
-121.89712546153845, 37.32792080769231, 1, 1717
-121.87046646153846, 37.32287238461538, 1, 1718
-121.85951315, 37.32591275, 1, 1719
-121.86622145454548, 37.34567127272727, 1, 1720
-121.87050635714284, 37.35130578571428, 1, 1721
-121.86782258823533, 37.358593117647054, 1, 1722
-121.86204375000001, 37.364608499999996, 1, 1723
-121.85397546153845, 37.35836015384616, 1, 1724
-121.85152539999999, 37.3272885, 1, 1725
-121.81451128571429, 37.28097776190475, 1, 1726
-121.81693136666667, 37.273049833333324, 1, 1727
-121.81428742857143, 37.267055571428564, 1, 1728
-121.82524062499998, 37.264038875, 1, 1729
-121.83590505882351, 37.27214117647059, 1, 1730
-121.8460458125, 37.2699755625, 1, 1731
-121.80494880000002, 37.2628994, 1, 1732
-121.81139974999999, 37.25486706249999, 1, 1733
-121.81693244444442, 37.24853505555556, 1, 1734
-121.78954715384617, 37.25094653846154, 1, 1735
-121.76266091666666, 37.23473766666666, 1, 1736
-121.78383529999999, 37.22961636666667, 1, 1737
-121.794289, 37.233117243902434, 1, 1738
-121.81302636363638, 37.24033218181819, 1, 1739
-121.82339886666668, 37.2413362, 1, 1740
-121.83627347619048, 37.23758814285715, 1, 1741
-121.8442055, 37.2401221, 1, 1742
-121.85483964705884, 37.24310394117647, 1, 1743
-121.86672676190474, 37.245678047619045, 1, 1744
-121.80810469523801, 37.19734127142859, 1, 1745
-121.85501980000001, 37.22118939999999, 1, 1746
-121.8245145, 37.23031542857142, 1, 1747
-121.8110397222222, 37.23099188888889, 1, 1748
-121.77183168749998, 37.2299214375, 1, 1749
-121.76468129999998, 37.22305783333332, 1, 1750
-121.73342312499997, 37.176711932692314, 1, 1751
-121.48119058116876, 37.20583965909088, 1, 1752
-121.62098172916662, 37.15502670833333, 1, 1753
-121.66021547058824, 37.15047594117647, 1, 1754
-121.64368437499999, 37.13480375, 1, 1755
-121.63046292857143, 37.11151285714286, 1, 1756
-121.56860067889906, 37.1034263211009, 1, 1757
-121.60587008695657, 37.06384556521742, 1, 1758
-121.51629243902437, 37.00968934146341, 1, 1759
-121.5713321875, 37.015594312500006, 1, 1760
-121.58386991304349, 37.02567986956522, 1, 1761
-121.59127742105262, 37.02519894736843, 1, 1762
-121.62918417073169, 37.03026924390244, 1, 1763
-121.56548973913041, 37.00267126086957, 1, 1764
-121.57128478947368, 36.986525078947366, 1, 1765
-121.59006864705883, 36.98128773529411, 1, 1766
-121.7127693732194, 37.05509743304845, 1, 1767
-121.33984477394634, 36.88836010344828, 1, 1768
-121.42506384374998, 36.85982475, 1, 1769
-121.40362311111113, 36.848219, 1, 1770
-121.3899108529412, 36.85449794117647, 1, 1771
-121.38040362962964, 36.843972666666666, 1, 1772
-121.37542708000001, 36.83192963999999, 1, 1773
-121.41167244776119, 36.83304725373133, 1, 1774
-121.49111128402365, 36.83294356804734, 1, 1775
-121.6935039805826, 36.844433155339814, 1, 1776
-121.67519380000002, 36.81659753333333, 1, 1777
-121.6225133134328, 36.79605095522388, 1, 1778
-121.65159783333333, 36.728706, 1, 1779
-121.62286303571429, 36.7298597142857, 1, 1780
-121.6491464, 36.71317846666667, 1, 1781
-121.63638505263158, 36.710204, 1, 1782
-121.62076689285716, 36.71442396428571, 1, 1783
-121.613308375, 36.70545518749999, 1, 1784
-121.60590643749998, 36.697098374999996, 1, 1785
-121.6153464117647, 36.69263288235294, 1, 1786
-121.62191814705884, 36.69384788235294, 1, 1787
-121.60112133333332, 36.6896685, 1, 1788
-121.60954055555554, 36.68740872222222, 1, 1789
-121.61077226666666, 36.684691, 1, 1790
-121.61885200000002, 36.67960514285715, 1, 1791
-121.61599400000001, 36.67507947058824, 1, 1792
-121.6034920909091, 36.66222627272726, 1, 1793
-121.63135220000004, 36.676862650000004, 1, 1794
-121.633039, 36.682303514285714, 1, 1795
-121.62974600000001, 36.66963847058823, 1, 1796
-121.63723297560978, 36.65419912195121, 1, 1797
-121.65055816666667, 36.66506583333334, 1, 1798
-121.65455576190475, 36.725981952380955, 1, 1799
-121.69030020833337, 36.717471062499996, 1, 1800
-121.66044815384615, 36.703650384615386, 1, 1801
-121.6514721764706, 36.69348529411765, 1, 1802
-121.64394462499999, 36.7037725625, 1, 1803
-121.65693200000003, 36.6878105925926, 1, 1804
-121.669307375, 36.68895762500001, 1, 1805
-121.6695575, 36.6782125, 1, 1806
-121.67793999999998, 36.669908692307686, 1, 1807
-121.66435007142856, 36.670510285714286, 1, 1808
-121.65578205555555, 36.6753905, 1, 1809
-121.67301388888887, 36.6603895, 1, 1810
-121.57601606865673, 36.67851840895523, 1, 1811
-121.67412011111112, 36.58552276767678, 1, 1812
-121.57601606865673, 36.67851840895523, 1, 1813
-121.3840056548223, 36.57368486294415, 1, 1814
-121.50714967539272, 36.4919607539267, 1, 1815
-121.74466116504854, 36.744977980582526, 1, 1816
-121.70741284415581, 36.80940981818181, 1, 1817
-121.74466116504854, 36.744977980582526, 1, 1818
-121.75607352380955, 36.76601180952381, 1, 1819
-121.77404902499995, 36.7035738, 1, 1820
-121.79122025000002, 36.68107066666666, 1, 1821
-121.79590742857144, 36.677443499999995, 1, 1822
-121.78511186274511, 36.67077952941177, 1, 1823
-121.76293209523809, 36.659381619047615, 1, 1824
-121.75456913907287, 36.61704545033111, 1, 1825
-121.63345155371903, 36.55022010330578, 1, 1826
-121.84918429629631, 36.61424548148148, 1, 1827
-121.8445782222222, 36.601254222222224, 1, 1828
-121.83153958333337, 36.60462091666667, 1, 1829
-121.82973439999998, 36.61255326666666, 1, 1830
-121.83155246153845, 36.618533923076924, 1, 1831
-121.84075636363637, 36.611216000000006, 1, 1832
-121.85571265909088, 36.594655749999994, 1, 1833
-121.83985047999998, 36.59184911999999, 1, 1834
-121.8188130917431, 36.57648687155964, 1, 1835
-121.87725722222223, 36.58257311111112, 1, 1836
-121.8866950967742, 36.59124216129034, 1, 1837
-121.89696437931035, 36.6007332413793, 1, 1838
-121.90803832, 36.604722960000004, 1, 1839
-121.90459686666665, 36.610973933333334, 1, 1840
-121.91255764285715, 36.62244414285714, 1, 1841
-121.91383611111112, 36.61922438888889, 1, 1842
-121.92113123076923, 36.61764269230769, 1, 1843
-121.92605495238097, 36.612221428571424, 1, 1844
-121.92815011111111, 36.60392022222223, 1, 1845
-121.94504156962032, 36.58839068354431, 1, 1846
-121.92996503703705, 36.62544388888888, 1, 1847
-121.9094725757576, 36.588169303030305, 1, 1848
-121.9187750147059, 36.55127845588236, 1, 1849
-121.92273894117646, 36.55923976470588, 1, 1850
-121.92271157142855, 36.54742264285714, 1, 1851
-121.82640743103441, 36.53282681034482, 1, 1852
-121.87966308612438, 36.49552021052629, 1, 1853
-121.6568961621005, 36.398305191780835, 1, 1854
-121.75456913907287, 36.61704545033111, 1, 1855
-121.79824411764709, 36.65303270588235, 1, 1856
-121.80002881818184, 36.7112006060606, 1, 1857
-121.74957482677166, 36.83708654330709, 1, 1858
-121.7686174494382, 36.875215168539334, 1, 1859
-121.77040919354839, 36.90619606451613, 1, 1860
-121.78214569230767, 36.931772538461544, 1, 1861
-121.79238306250001, 36.938096093750005, 1, 1862
-121.8058827655503, 37.01087137799045, 1, 1863
-121.81076750000001, 36.90304399999999, 1, 1864
-121.87636808695652, 36.96297347826087, 1, 1865
-121.87840899999999, 36.95698552777777, 1, 1866
-121.87615599999998, 36.980028441558446, 1, 1867
-121.92296619230768, 36.977751807692314, 1, 1868
-121.93061837499998, 36.986580328125, 1, 1869
-121.91870301041665, 37.02629725, 1, 1870
-121.96297234693883, 37.04087056122449, 1, 1871
-122.01218828947367, 37.078273973684205, 1, 1872
-121.89919963829786, 37.084457904255345, 1, 1873
-122.0747105615142, 37.161136214511046, 1, 1874
-122.13805136956525, 37.13339271014494, 1, 1875
-121.96297234693883, 37.04087056122449, 1, 1876
-121.97858992682927, 36.99728307317073, 1, 1877
-121.98961930434781, 36.98288747826087, 1, 1878
-121.97706594444445, 36.977162444444446, 1, 1879
-121.96663014285716, 36.974817821428566, 1, 1880
-121.97027976923079, 36.96437634615384, 1, 1881
-121.99533096153847, 36.973631999999995, 1, 1882
-121.98965171428574, 36.965552571428574, 1, 1883
-122.00398272222222, 36.97172744444445, 1, 1884
-122.01604980000002, 36.974180000000004, 1, 1885
-121.99663488095241, 36.998087047619045, 1, 1886
-122.00787143333332, 36.9841656, 1, 1887
-122.04261176595747, 36.98787165957448, 1, 1888
-122.04094482352941, 36.969951588235304, 1, 1889
-122.06456181081083, 36.97416881081081, 1, 1890
-122.05795403030305, 36.98944348484849, 1, 1891
-122.06184415384617, 36.95625230769231, 1, 1892
-122.0347427777778, 36.95901055555556, 1, 1893
-122.02704061538465, 36.96684757692307, 1, 1894
-122.02975599999999, 36.97593740000001, 1, 1895
-122.16047552884616, 37.08744636057695, 1, 1896
-121.99102995161284, 37.02837268548387, 1, 1897
-122.03130735714286, 37.02066258928571, 1, 1898
-122.05975639361704, 37.02809177659573, 1, 1899
-122.03677906250002, 37.09806002083334, 1, 1900
-122.0963924368932, 37.09735092718447, 1, 1901
-122.08721348936176, 37.078625063829776, 1, 1902
-121.96297234693883, 37.04087056122449, 1, 1903
-121.94561547826085, 36.98022760869564, 1, 1904
-121.860786545, 37.02656504000001, 1, 1905
-121.8058827655503, 37.01087137799045, 1, 1906
-121.76957214285714, 36.93110471428572, 1, 1907
-121.76988114814812, 36.922173629629626, 1, 1908
-121.75453999999996, 36.91143430434783, 1, 1909
-121.74212089285716, 36.921760500000005, 1, 1910
-121.75117689473687, 36.949576508771926, 1, 1911
-121.68485859627323, 36.93674822981367, 1, 1912
-121.78432372222223, 36.95744969444446, 1, 1913
-121.75483931999999, 36.92733524, 1, 1914
-121.75453999999996, 36.91143430434783, 1, 1915
-121.68664739285718, 36.891997761904776, 1, 1916
-121.49111128402365, 36.83294356804734, 1, 1917
-121.577955625, 37.0055035, 1, 1918
-121.63732548484847, 37.09898545454545, 1, 1919
-121.65494364705883, 37.116296647058824, 1, 1920
-121.6644701818182, 37.124840363636366, 1, 1921
-121.6734414, 37.118643171428566, 1, 1922
-121.6026775135135, 37.13491705405406, 1, 1923
-121.76795053061223, 37.255246183673464, 1, 1924
-121.829981125, 37.286121249999994, 1, 1925
-121.82926056249998, 37.28058125, 1, 1926
-121.83865514285712, 37.28883735714286, 1, 1927
